customer_id,first_name,last_name,email,phone,country,city,address,created_at
1,Valerie,Gonzalez,brownkristen@example.net,001-902-803-8052x4565,Malaysia,Anthonybury,"381 Ronnie Mills Suite 270 Cohentown, DC 34488",2022-12-15T18:26:14
2,Kathleen,Patton,kristin93@example.net,001-415-964-2771x416,Suriname,Stephensbury,"462 Jacob Hill Suite 180 Lake Mirandachester, MO 69854",2020-01-10T11:43:16
3,Paula,Rice,yrivera@example.net,899.837.6456,Israel,Damonberg,"58011 Justin Flats South Daniellebury, MT 59037",2017-11-21T05:35:18
4,Mary,Jimenez,chloe23@example.com,001-306-689-6522x18056,Wallis and Futuna,Perezside,"377 Stephanie Expressway West Linda, MT 78170",2022-01-05T18:18:35
5,Ralph,Barron,sandra97@example.net,971.553.8749,Hong Kong,Milesshire,"58576 Proctor Manor North Robertport, FM 15621",2024-05-17T02:40:10
6,Terrance,Hall,zblackburn@example.org,987-922-2860x5349,Tokelau,Wendyberg,"75130 Hernandez Vista Lake Kelly, HI 47769",2022-06-10T02:43:08
7,John,Luna,dfritz@example.net,+1-809-289-3639x466,Croatia,Scottview,"2746 Rodgers Roads Suite 075 Reynoldschester, MA 20489",2017-07-08T07:06:26
8,Zachary,Ingram,carrcody@example.org,307.883.0496x57773,Wallis and Futuna,New Michaelshire,"38965 Justin Radial Suite 313 Carlsonburgh, ND 34815",2015-05-13T20:12:04
9,Matthew,Johnson,taylorchristine@example.com,(898)942-3809,Cook Islands,New Jennifer,"4829 Omar Passage Suite 758 Port Jessica, NV 11096",2020-02-11T21:47:51
10,Angela,Bowman,tsullivan@example.net,001-269-729-0197,Tunisia,South Jamesbury,"8699 Raymond Points East Brandy, PW 31019",2024-10-28T04:10:06
11,Michelle,Doyle,jacob32@example.org,494.973.9011,Ghana,Lake Johnfurt,"44523 Bauer Trace Lucastown, SC 21312",2024-10-01T10:39:54
12,Joseph,Maldonado,robingriffin@example.org,7078199329,Senegal,Jameston,"4047 Kimberly Neck Carlfort, NJ 85978",2017-11-17T03:57:22
13,Daniel,Waters,ilamb@example.com,795-464-2442,Saudi Arabia,Port Davidbury,"684 Larson Gardens Suite 382 Lake Meghanfort, WY 89584",2016-09-16T22:03:16
14,Nicholas,Harrison,jessicacontreras@example.net,390.445.8738x5893,Western Sahara,Lake Crystalshire,"0336 Washington Fords Apt. 947 Jeanettestad, HI 37723",2023-06-13T01:13:35
15,Karen,Marshall,james72@example.com,946-933-7227,Guatemala,Michaelmouth,"48178 John Ford Mccoyport, FL 47792",2019-05-09T12:41:47
16,Robin,Carter,bsmith@example.com,634-353-5938,Denmark,New Lauriehaven,"4434 Kelly Mission Roymouth, PW 69383",2018-08-14T21:48:53
17,Tiffany,Burns,jennifermoreno@example.org,(456)311-1008x61294,Venezuela,Bensonmouth,"798 Curry Fords Lake Andre, FL 27324",2021-08-11T02:34:46
18,Victoria,Cooper,sjones@example.com,304.891.7639,Paraguay,Lake Benjamin,"712 Martinez Junctions Suite 883 Millerview, WY 02338",2024-01-15T21:21:24
19,Jamie,Summers,jkline@example.org,(239)389-5689x533,Aruba,North Briantown,"USS Wilson FPO AE 00668",2016-08-25T21:12:16
20,Ariana,Terrell,wjacobson@example.org,255.446.3331,Somalia,South Frank,"5972 Kelley Club Suite 477 Nashland, WV 72690",2018-01-11T19:34:44
21,Amanda,Rivera,camposraymond@example.com,(892)273-6490x481,San Marino,Meaganburgh,"Unit 2319 Box 1154 DPO AA 16653",2021-08-04T19:32:08
22,Hannah,Allen,rmullins@example.com,(997)843-7091,Brunei Darussalam,Sanchezville,"263 Brittany Dam East Colleenbury, SC 77465",2017-07-11T20:37:19
23,James,Yang,lrice@example.net,(427)565-3014x0176,Equatorial Guinea,Port Joshuaberg,"7675 Ryan Islands Suite 045 Josephside, DE 67267",2022-05-17T23:45:44
24,Mary,Jackson,alberthogan@example.org,4889994338,American Samoa,New Javiershire,"2252 Bailey Lodge Lake Mariahborough, MO 08069",2017-04-14T14:54:54
25,Jennifer,Gonzalez,kim31@example.net,001-674-612-0794,Gabon,New Alexisland,"172 Herman Avenue Apt. 533 West Eric, VT 45970",2015-03-24T07:19:46
26,Larry,Reid,vdecker@example.com,396.492.0183x1819,Svalbard & Jan Mayen Islands,Port Amy,"8595 Jensen Isle Port Scott, NH 28369",2017-09-30T23:56:48
27,James,Perry,mharvey@example.com,(493)931-5919,American Samoa,West Feliciaborough,"0618 Jeremiah Common Brownview, IA 46201",2021-03-21T17:02:42
28,Billy,Huang,zmurray@example.com,703.654.2032x94240,Indonesia,Jamiemouth,"605 Charles Stravenue Apt. 232 Baileyville, TX 46621",2015-06-28T00:19:11
29,Janet,Ibarra,toni85@example.net,(485)377-7349,Cuba,East Debraborough,"92358 Harris Mission Suite 658 Markstad, VA 35446",2022-06-26T12:58:26
30,Katherine,Jones,wlawrence@example.com,373-783-2107x042,Suriname,Howardfort,"936 Steven Summit Daisyfurt, DC 37355",2020-02-21T16:26:57
31,Mary,Welch,stevenolson@example.net,(575)200-8805x54490,Namibia,Jessicaview,"46874 Jeffery Unions Ellenburgh, IA 87414",2021-10-05T00:06:32
32,Matthew,Collins,valenciarobert@example.net,210.330.6759,Belize,Friedmanberg,"99275 Strickland Passage Suite 531 Powersbury, CA 23986",2016-04-25T04:16:03
33,Margaret,Thompson,rowetara@example.org,(873)307-8450,Bahrain,South Judith,"58621 Myers Shores West Joseph, FM 43302",2023-05-03T13:59:49
34,Kristin,Acosta,hrodriguez@example.org,(669)595-1222x6329,Tunisia,Andersonhaven,"1580 Higgins Mill New Nancy, OH 67662",2019-02-12T13:13:47
35,Gary,Mann,irivera@example.com,692-859-9906x60857,Cameroon,Lake Samanthashire,"59751 Laura Locks Suite 153 Sanchezhaven, HI 74961",2021-02-18T19:58:26
36,Amanda,Harris,danielcarl@example.org,(483)865-1719x84119,Tanzania,New Michaelview,"4034 Zavala Path West Ryan, NJ 81275",2021-07-17T00:07:30
37,Jennifer,Thornton,nwallace@example.com,001-378-524-7007,Mozambique,North Melindahaven,"695 Davis Loop Apt. 391 East Joanna, GA 92345",2015-12-17T04:39:54
38,Peter,Gamble,vsmith@example.org,001-301-614-6368x80681,Italy,Bentleyside,"727 Martinez Ramp Huntchester, MP 55672",2018-06-12T00:18:01
39,Craig,Duncan,justin61@example.net,388.330.1210x756,Guadeloupe,Port Tiffany,"8142 Rebecca Ridges Apt. 370 Port Robert, FM 50294",2019-07-18T00:04:44
40,Melissa,Williams,kimberlymccall@example.net,001-441-696-6170x53948,Panama,Mannborough,"8358 Cruz Lake Suite 704 Carsonton, NE 27505",2023-05-04T17:30:01
41,Dawn,Jordan,alice99@example.net,(643)957-4464,Bulgaria,East Michaelmouth,"094 Johnson Land Suite 594 Spencertown, NY 25397",2021-02-23T19:36:15
42,Alexandra,Simpson,ashleyandrews@example.com,(262)290-8820x897,British Indian Ocean Territory (Chagos Archipelago),Smithport,"671 Jeffrey Place Apt. 262 East Barbaraside, GA 76184",2022-09-26T20:21:40
43,Nancy,Garcia,jacksonashley@example.org,(250)332-9193x5940,Algeria,Shaneside,"2983 Bruce Corner Suite 877 Lloydshire, LA 04103",2016-01-22T17:18:00
44,Leah,Andrews,joshuarodriguez@example.org,805-617-4237x0186,Botswana,Sanchezbury,"4808 Cathy Islands Suite 196 Alexchester, OH 34462",2024-04-06T20:04:55
45,Nicole,Brown,juliaolson@example.com,928.205.2572x13200,Guyana,Jacksonbury,"Unit 7195 Box 3629 DPO AE 01963",2021-10-26T22:20:06
46,Gavin,Snyder,yorkjustin@example.com,(539)391-9678x7784,Cocos (Keeling) Islands,North Duanestad,"64400 Christopher Way Suite 382 Courtneyton, OK 26206",2016-01-15T19:58:17
47,Matthew,Anderson,robbinsmelissa@example.com,306.828.5983x80794,North Macedonia,Willietown,"676 Courtney Ports Apt. 843 Wilsonport, NM 87703",2018-03-16T19:40:50
48,Tina,Davis,savannahkelley@example.com,+1-906-855-1129x73450,Guatemala,Romerotown,"4446 Mendoza Haven Suite 700 Lake April, MS 08439",2016-12-04T15:57:35
49,Kimberly,Castillo,elewis@example.net,477.699.6301x2521,Poland,Barrettland,"450 Herman Light Apt. 867 Lake Amy, MI 82651",2016-11-06T05:58:51
50,David,Pacheco,hubbardtraci@example.org,(539)474-0904,Congo,Smithshire,"9467 Jones View Apt. 172 Coryfurt, VI 40488",2021-06-06T11:28:02
51,Jeffrey,Neal,crystal83@example.com,867-420-0720x055,Vanuatu,Greenberg,"73131 Scott Greens Apt. 087 Lake Paulberg, MP 73443",2024-06-27T21:19:43
52,Katherine,Rogers,agarza@example.org,(459)416-7577x8272,Israel,Ashleyton,"74230 Megan Route Port Patrickchester, MO 20517",2016-03-25T00:20:26
53,Jennifer,Shelton,howardchristopher@example.com,765.788.7519x4848,Latvia,South Joshuafort,"USS Richardson FPO AA 18802",2015-04-04T10:43:27
54,Mark,Carter,ocrawford@example.org,498.668.9767x4919,Marshall Islands,Jasonfurt,"511 Shirley Islands South Nicole, FL 75955",2015-12-12T04:20:05
55,Jerry,Jordan,paula19@example.com,369.230.7683x9681,Pakistan,North Eileen,"531 Justin Passage Kellyport, PR 38553",2017-08-02T01:11:28
56,Sean,Lewis,qreed@example.net,740.621.7362x6431,Denmark,Lake Kevin,"39153 Williams Lake Suite 029 New Rebeccafort, NH 64422",2017-06-30T17:44:35
57,Nicholas,Higgins,kevin35@example.net,(842)530-5602x4793,Kyrgyz Republic,Barnettport,"871 Kevin Landing Suite 734 New Colehaven, PA 01473",2021-12-09T01:27:52
58,Stacy,Jackson,wbailey@example.net,3189548961,Western Sahara,Angelabury,"778 Walter Villages Suite 140 Robertfurt, ND 96935",2019-06-21T20:40:42
59,David,Buckley,jennifer24@example.org,468-505-1749,San Marino,Stewartside,"12119 Taylor Canyon Apt. 424 Robinton, OK 34648",2015-04-11T08:13:13
60,Michael,Rose,robertbarnes@example.net,7779616076,Tokelau,Jenniferville,"87046 Rivera Gateway Apt. 708 Angelahaven, OK 91238",2017-02-17T00:12:59
61,Kristina,Gonzalez,austinporter@example.com,001-389-939-0159,Slovakia (Slovak Republic),Brooksville,"5944 Jo Ridge Apt. 056 Port Amber, KS 78822",2024-06-13T04:41:54
62,Dakota,Walker,kjames@example.net,(606)794-6223x967,Israel,Nicholasville,"PSC 7588, Box 0225 APO AP 68360",2024-07-03T23:23:50
63,Nicole,Garcia,michael65@example.org,(788)218-3286,Bermuda,Keithshire,"18950 Alexander Motorway Apt. 918 Brownton, HI 52325",2017-07-19T12:55:52
64,Jeremy,Mejia,heather92@example.org,932.943.3409x84599,Solomon Islands,South Joseph,"9959 Doyle Courts Angelaborough, NM 24266",2015-10-20T03:47:22
65,Timothy,Brown,jennymacias@example.org,001-916-869-0481x552,Spain,East Daniellehaven,"PSC 7826, Box 4892 APO AA 05286",2019-02-25T20:21:36
66,Bethany,Williams,lauramendoza@example.net,001-845-616-8082,Korea,Lake Cindychester,"933 Kathryn Island Apt. 433 Brownchester, FL 67712",2017-05-29T11:39:50
67,Lydia,Howard,monroesharon@example.com,255.975.5318x7105,Malta,West Crystal,"567 Sarah Cliffs Christianport, MS 86052",2023-11-29T06:44:51
68,Laura,Jackson,vhunter@example.org,+1-532-433-4409x112,Tunisia,Diazmouth,"29404 Rosario Lane Bradshawshire, KS 06400",2017-09-10T13:32:27
69,Daniel,Jensen,christopherwilson@example.org,306-386-2688x252,British Indian Ocean Territory (Chagos Archipelago),South Phillip,"0915 Jenkins Brooks Apt. 648 South Jennifer, CA 70788",2022-02-13T16:10:30
70,Scott,Weiss,andersonjonathan@example.net,512.622.5958x5096,Togo,East Erictown,"916 Jesse Mountains East Ericahaven, NJ 74827",2022-05-08T03:28:53
71,Connie,Cervantes,joan83@example.com,001-319-797-0025x34821,Holy See (Vatican City State),East Randyfort,"496 Aaron Ramp Kellyborough, MD 08459",2021-03-08T18:22:14
72,Annette,Garcia,fisherconnie@example.com,849-680-5475x881,Tajikistan,Gutierrezview,"Unit 1841 Box 4039 DPO AP 99520",2016-01-29T20:45:39
73,Alexa,Cline,dominique11@example.com,869-549-2572x159,Zambia,Lake Melissaview,"328 Moore Spur Suite 663 Kylemouth, MH 30648",2023-01-29T05:52:07
74,Janet,Goodwin,justin02@example.com,001-624-939-8017x591,Belarus,Webbfurt,"21438 Jordan Ports Suite 409 Madelineview, IN 32237",2024-11-20T18:04:40
75,Jennifer,Shelton,robinsonjessica@example.com,+1-610-564-6552x60424,Cambodia,Port Michael,"533 Jordan Well Port Steven, KY 88176",2024-04-22T13:30:03
76,Dave,Buckley,marissa20@example.com,670.557.7748,Bahrain,West Micheleborough,"5375 Cordova Meadow Apt. 399 Matthewburgh, NV 12121",2024-06-05T14:29:49
77,Christy,Johnson,christopher86@example.com,591-550-5519x0031,Timor-Leste,Thomasfort,"65065 Caitlin Circle North Heatherborough, OR 97307",2016-01-10T10:19:26
78,Marilyn,Washington,nicholassmith@example.net,832.724.3409x586,Tokelau,Campbellhaven,"9713 Noah Gardens East Martin, CT 88580",2022-11-08T08:39:11
79,John,Stewart,amyhumphrey@example.org,(372)551-8091,Swaziland,Lake Daniel,"226 Brewer Port Apt. 080 West Christopher, VT 72929",2018-10-14T17:42:57
80,Michelle,Gallagher,jamesrose@example.org,001-984-533-4948x5237,Macao,Lake Emily,"051 Anthony Summit Suite 893 New Jasonburgh, MT 11949",2022-12-20T17:04:43
81,Amy,Oliver,anthony05@example.net,001-752-990-9343x513,Svalbard & Jan Mayen Islands,Thompsonshire,"937 Crystal Station Apt. 576 Lake Sarahmouth, ME 14792",2016-05-12T17:01:00
82,Amy,Norris,powerssherry@example.net,(571)678-7224x126,Djibouti,Port Joseph,"137 Smith Turnpike South Linda, ND 26420",2020-01-03T08:37:48
83,Troy,Romero,lanecheyenne@example.net,573.932.3978,Turkmenistan,Vasquezchester,"827 Jackson Drive Port Megan, IL 88211",2024-07-28T05:44:08
84,Mitchell,Garner,holly58@example.com,385-610-8067,United States Virgin Islands,New Taylor,"0640 Williams Parkway Suite 344 Port Kenneth, MI 77256",2015-12-31T03:17:13
85,Randy,Parker,swest@example.net,+1-278-646-7038x55689,Monaco,Gonzalezborough,"562 Perez Ports Penabury, PR 50205",2015-04-18T02:00:46
86,Christopher,Harris,donaldsimpson@example.net,(934)719-8436x1826,Tokelau,Elliottville,"USS Roberts FPO AE 29046",2015-01-16T16:57:55
87,Charles,Mack,qreed@example.org,249.689.3110x46832,Honduras,South Zacharyhaven,"4354 Moore Light West Kimberlyshire, NC 43075",2024-03-05T00:50:31
88,Brandon,Figueroa,barrerastacy@example.com,+1-781-299-9704x34201,Denmark,Kimbury,"22459 Taylor Drive Brownshire, AK 33127",2015-06-30T11:32:29
89,Amy,Davis,chelseafrench@example.com,(756)749-1490,Netherlands,Pattersonfort,"PSC 2732, Box 2014 APO AA 23406",2021-05-25T04:47:24
90,Tonya,Harrison,marthamckay@example.com,818.278.6829x366,Greece,Angelaville,"0224 Jennifer Bypass Apt. 958 Sarahshire, KS 68856",2017-09-01T06:40:16
91,Lisa,Blake,jrichardson@example.net,800-705-1750,Kyrgyz Republic,Jonesside,"156 Wade Stream Suite 902 Lindaside, CO 69722",2022-11-28T23:01:32
92,Virginia,Ali,wparker@example.net,315.708.0589,Gabon,North Adriana,"961 Sawyer Stravenue Suite 377 New Colton, MP 83625",2021-06-08T01:38:24
93,Cassandra,Salazar,xsmith@example.net,(506)997-0913x50070,Palestinian Territory,West Brianshire,"1564 Olivia Valleys Apt. 292 Charleston, DC 39179",2021-11-20T00:03:24
94,Steven,Berger,ngray@example.org,494.303.1019,Central African Republic,Lake Kaitlynbury,"608 Johnson Trace Michelleberg, MP 80480",2019-11-21T15:05:15
95,Kiara,Richards,tylerbest@example.net,4487785877,China,Howellfort,"USCGC Castillo FPO AP 95594",2022-04-21T18:08:16
96,Eric,Williams,emily22@example.com,370.494.9695x0426,Czech Republic,Melissastad,"7050 Ryan Rapids Apt. 846 Lake Meganview, MN 72532",2021-09-05T13:39:29
97,Donna,Miller,ffrazier@example.com,685-236-6721x801,Suriname,New Brittany,"526 Ruiz Plaza Callahanborough, CA 75600",2024-04-12T17:53:25
98,Samantha,Wong,mccannandrew@example.org,001-508-885-0107x954,Kenya,West Lauriechester,"62446 Mayo Avenue North Kevin, LA 73534",2015-03-04T14:03:25
99,Melissa,Oconnor,mike28@example.org,703-205-7042,Germany,Kevinbury,"6588 Mitchell Rapids Suite 510 Estesbury, MN 57428",2024-11-02T20:13:26
100,Andrea,Nunez,martinezcurtis@example.net,(424)760-4908,British Virgin Islands,Christineland,"890 Perez Overpass Hoffmanside, VT 37040",2023-03-20T12:21:43
101,Matthew,Charles,thompsonchristopher@example.com,596-962-8287,Malawi,Nguyenside,"12184 Wilson Ramp Apt. 612 North Hannah, PW 38912",2015-12-11T13:14:25
102,Andrea,Williams,ykramer@example.com,(815)824-3552,Malawi,Lake Jason,"USNV Hughes FPO AA 89778",2020-08-15T03:43:20
103,Richard,Sanchez,shauntaylor@example.net,535-451-7266x8807,Monaco,Jenkinsville,"4402 Crystal Knolls Apt. 580 South Markton, MT 17359",2015-03-16T09:47:10
104,John,Flynn,robert96@example.org,4249821316,Croatia,Weberhaven,"613 Kevin Spurs New Lisaville, RI 55241",2023-07-04T19:19:58
105,Timothy,Davis,kwashington@example.net,(575)594-5368x90572,Guatemala,Leehaven,"312 Jennifer Trail Ronaldburgh, SC 24534",2022-09-02T04:08:22
106,Emma,Montes,rochajerry@example.com,242-955-5562x6187,Liberia,North David,"823 Sandra Centers North Michelle, FM 81835",2020-08-28T08:44:54
107,Stephanie,Becker,hsmith@example.net,001-777-469-7442,Ghana,Weeksfurt,"9574 Jason Trail Apt. 456 Blackhaven, MI 20135",2023-03-10T11:56:33
108,James,Rowe,colematthew@example.com,9734546786,Tanzania,Amyside,"93737 Christian Inlet New Joshuaside, MN 34110",2020-03-06T13:08:09
109,Jimmy,Freeman,deniseford@example.net,001-275-635-7961x0923,Indonesia,New Ashley,"16290 Morse Trail Davisborough, FM 90751",2023-01-10T22:12:56
110,Gary,Phillips,mooneykristine@example.net,+1-643-622-8604x98208,Mali,New Cynthia,"USCGC Powell FPO AE 31606",2023-09-12T23:03:41
111,Kenneth,Martinez,trevor81@example.org,904-270-4443x0683,Barbados,West Cindyhaven,"57324 Brandon Spurs Tarafurt, RI 08179",2021-11-05T07:09:12
112,Sheri,Burnett,ulee@example.com,927-707-6103x8183,Bosnia and Herzegovina,West James,"47264 Angela Centers Cheyennemouth, NC 27554",2020-12-20T08:27:26
113,Wendy,Brown,xmays@example.com,521.366.2701,Costa Rica,South Heatherton,"850 Jason Ford Suite 390 Garciaberg, AR 32800",2018-04-20T05:27:25
114,Michelle,Lopez,katherine15@example.org,+1-900-220-7305x9427,Korea,Meganview,"2699 Matthew Club Heathmouth, GA 78530",2022-09-14T01:08:11
115,Ryan,Graham,mccoycassandra@example.net,+1-609-442-8685x301,Jordan,Michelleville,"806 Nancy Turnpike Apt. 217 Port William, MD 82747",2020-12-24T19:33:19
116,Joshua,Miles,ydavidson@example.org,001-537-701-1269x804,Peru,Justinmouth,"3211 Melissa Mount Simmonsstad, WY 67658",2022-01-18T18:57:41
117,Nichole,Edwards,sheilaatkins@example.org,782.263.7292x407,Tajikistan,Kellyshire,"01510 Hubbard Overpass Normanchester, IN 42231",2016-12-07T20:10:14
118,Devin,Fields,skinnerjanet@example.org,+1-938-738-2663,Niger,Huynhshire,"621 Moore Falls East Kristenburgh, VI 07653",2023-04-25T03:30:49
119,Rachel,Richardson,matthewallen@example.com,001-285-249-5176,Bosnia and Herzegovina,Lindsayhaven,"66193 Ryan Freeway Coxland, KY 79040",2016-08-11T13:30:43
120,Frank,Mcdaniel,lisamcgee@example.org,(555)367-0789,Luxembourg,Gouldchester,"464 Cheryl Island Lake Hannah, AL 82641",2017-07-01T02:11:47
121,Natalie,Buckley,daviddougherty@example.org,001-376-221-8974x588,Argentina,North Donna,"220 Ferguson Hollow Apt. 269 Cherylview, MT 69469",2017-07-04T20:51:54
122,Henry,Wilson,juarezjennifer@example.org,585-847-8082x067,Luxembourg,Alexanderborough,"734 Barrett Park Apt. 355 Garyport, GA 20365",2016-06-22T06:20:50
123,Lisa,Burke,larryhughes@example.net,001-634-658-2686x491,Cuba,New Danielle,"9574 Schneider Forest Apt. 204 Raymondmouth, RI 85472",2020-03-10T08:24:23
124,Kimberly,Collins,ihernandez@example.net,+1-966-562-3353,Mauritania,Martinside,"6363 Santana Extensions Apt. 442 Oliverfort, TX 33549",2020-01-04T19:23:27
125,Catherine,Norman,matthewhaney@example.com,+1-481-802-4737x31863,Dominican Republic,East Valerietown,"5464 Burch Harbor Gomezshire, DE 27156",2019-07-21T03:31:55
126,John,Sims,john55@example.org,325-728-1251,United Kingdom,Lake Michael,"734 Justin Drive Suite 015 Kellyland, IN 19737",2022-12-30T06:31:19
127,John,Chavez,lindseymorris@example.com,001-510-864-4759x4837,Palau,East Lisa,"436 Angela Loaf Williamston, PW 93842",2023-11-22T15:11:02
128,Veronica,Brown,salinaschristine@example.com,537-448-6133x87560,Vanuatu,Lake Shannon,"116 Wheeler Walks Apt. 586 Zacharymouth, WY 16010",2022-05-22T04:22:54
129,Lisa,Pena,perezpatricia@example.net,8673194616,Christmas Island,Kerriberg,"44399 Judy Ways Suite 437 Markburgh, MD 75548",2015-12-23T01:54:11
130,Tracy,Williams,caitlinpowell@example.net,944.490.6119,Sierra Leone,Port Brianbury,"04553 Burns Tunnel Port Kelsey, NC 14303",2018-08-19T21:40:55
131,Jeremy,Allen,vforbes@example.com,597.688.9660x5532,Australia,New Daniellechester,"350 Frederick View West Patricia, PW 41786",2024-04-18T04:25:18
132,Katie,Phillips,nicholasho@example.org,922-331-4348x86056,Micronesia,North Danielborough,"6918 Miranda Light Apt. 509 Lake Veronicaborough, KS 93857",2020-03-16T14:37:56
133,Sabrina,Wilkins,mmcbride@example.net,933-905-6173x6219,Lao People's Democratic Republic,Frankberg,"6071 Anderson Isle Lopezmouth, AS 99808",2017-01-03T04:14:57
134,Juan,Smith,markgriffin@example.net,001-777-576-5322x285,Tokelau,Dayland,"719 Smith Pike Suite 173 Nicoleland, ID 96499",2021-10-23T13:18:03
135,James,Black,gregorycoleman@example.com,704-978-4514,Western Sahara,Watsonland,"2557 Garcia Orchard Smithshire, PR 74368",2017-03-19T01:59:35
136,Michaela,Guerra,amanda24@example.com,4186142300,Micronesia,Ashleehaven,"5222 Brad Garden Silvachester, NM 73037",2020-12-30T01:31:35
137,Brandon,Obrien,william26@example.net,385.505.2253x7750,Suriname,South Johnnystad,"0640 Linda River Wilsonton, IL 62160",2018-04-07T17:03:02
138,Jill,Braun,nrubio@example.org,(776)802-1801x994,Bosnia and Herzegovina,Jonathanborough,"876 Kimberly Grove Suite 959 Moranton, DE 40292",2017-09-16T22:10:49
139,Cheryl,Robinson,asmith@example.org,001-293-956-6072x959,Romania,Jameshaven,"89824 Johnson Springs Patrickfort, ND 75679",2021-06-14T00:25:39
140,Jeffrey,Douglas,holmesdawn@example.org,777.831.3809x85214,French Southern Territories,New Scottchester,"1826 Tanya Mount Gonzalezchester, MO 94450",2024-09-22T15:41:19
141,Robert,Sandoval,combsyvonne@example.org,001-791-521-7821x88414,Puerto Rico,South Cynthia,"55825 Jason Burgs Suite 571 North Brendan, NM 18906",2020-10-21T09:32:51
142,Rachel,Tanner,msmith@example.com,518.982.0717x80671,American Samoa,Contrerasstad,"7663 Grant Points Taylorshire, UT 10646",2023-03-17T01:51:25
143,Aaron,Morton,pwilliams@example.net,399-495-5580x5971,Chile,Cunninghamhaven,"592 Moran Manors Claireton, IN 36922",2016-11-10T07:42:50
144,Wyatt,Green,darius81@example.net,299.969.1281x62806,Canada,Carlsonshire,"1425 Donna Divide Mezaborough, AK 77453",2023-12-15T15:11:40
145,William,Campbell,manderson@example.net,(396)706-0732,Iceland,New Stephenfurt,"0020 Williams Creek Youngburgh, CA 41672",2018-03-12T08:20:53
146,Paula,Gibbs,robinsondavid@example.net,9194151492,Jamaica,Suzanneshire,"5975 Dana Extensions West Lynn, GA 35634",2015-09-06T16:08:01
147,Paul,Cooke,martha52@example.net,914-777-3124,Montenegro,Brownberg,"USS Williams FPO AA 45574",2023-12-12T04:01:51
148,Valerie,Mckinney,jjacobson@example.com,001-392-359-9742x862,Kiribati,Christinaview,"5896 Allen Ports South Kimberly, DC 22376",2023-09-25T08:46:14
149,Derrick,Butler,cookscott@example.org,941-939-8032x10012,British Virgin Islands,West Nicoleton,"552 Timothy Loaf West Lorettafort, NC 48472",2017-04-01T09:12:32
150,Jerry,Gutierrez,andrewmorris@example.com,752-234-0434x445,Tonga,Bryanport,"06349 Earl Orchard Apt. 591 Port Michaelhaven, AL 36523",2021-10-14T06:06:46
151,Tina,Bailey,andrewsadam@example.net,(563)681-3250,India,Charlesville,"USCGC Young FPO AE 08671",2022-02-27T08:44:50
152,Mary,Brown,natasha71@example.com,7036698010,Turks and Caicos Islands,Lake Kristintown,"31244 Emily Cliffs Philipshire, MA 22818",2020-05-27T20:47:31
153,Christopher,Taylor,cheryl55@example.org,965.784.1951x97964,Gibraltar,South Jill,"16898 Rebekah Motorway East Josephtown, MH 86891",2015-02-10T10:00:33
154,Benjamin,Lewis,jeromeferguson@example.org,(401)858-9630x9171,Antarctica (the territory South of 60 deg S),Fosterbury,"3071 Gray Walk Apt. 255 Lake Michelle, MP 18922",2022-03-31T23:48:41
155,Brian,Snow,kennethchristian@example.net,+1-654-740-6999,Heard Island and McDonald Islands,Ryanton,"459 Nelson Trafficway Suite 654 Fosterview, PR 47000",2017-12-22T13:10:03
156,Charles,Hernandez,rosenicole@example.net,9374846973,Aruba,Navarroside,"008 John Brooks Apt. 774 South Michael, AZ 35538",2016-12-20T13:11:57
157,Lauren,Black,rachelrich@example.net,377.344.3410x10391,Namibia,Port Richard,"36694 Joseph Corner Apt. 778 Jeanville, AL 31860",2024-11-07T14:10:44
158,Jessica,Sloan,rvargas@example.com,5829954973,Korea,Port Cynthiamouth,"5507 Leach Views Suite 399 West Amyborough, MA 81120",2022-04-11T17:44:08
159,Frank,Keith,melindafranco@example.net,316-336-9774,Germany,Josephton,"78392 Lopez Corner Apt. 488 Jodiport, NE 89235",2017-02-05T16:23:59
160,Amanda,Lambert,richardhuff@example.com,618.373.8493x588,Greece,Lake Aaron,"96605 Molina Fields Suite 703 North Justin, CO 94343",2015-02-15T00:01:35
161,Paula,Ball,hamiltonandrew@example.com,454-982-4439,Bolivia,South Angela,"Unit 0295 Box 0339 DPO AA 90764",2023-01-14T13:26:43
162,Kayla,Lamb,jonathanwilliams@example.org,983.869.7572x84813,Uzbekistan,South David,"34137 Ward Crossing West Meghanport, AK 00632",2020-02-26T10:38:08
163,Blake,Mcgee,fweaver@example.net,366-422-0208x752,Seychelles,New Danielstad,"87064 Ruth Turnpike Apt. 798 Tateside, DC 13475",2024-07-28T19:43:24
164,Christopher,Reyes,aford@example.com,+1-788-983-9875x2186,Antigua and Barbuda,Nicholasmouth,"USNV Fisher FPO AE 70813",2021-12-20T10:26:30
165,Jason,Taylor,esmith@example.com,(849)683-2104,Yemen,Traceyburgh,"190 White Summit East Kathleenfort, NY 05240",2020-01-30T12:32:54
166,Amber,Webster,robertowoodward@example.net,(320)859-9476,Bangladesh,West Cindy,"1084 Marshall Drive Wyattberg, WI 09043",2019-10-14T05:51:45
167,Paula,Martinez,timothyhorn@example.net,3562539688,Canada,Port Emily,"202 Michelle Vista Suite 142 Lake Jenniferside, AL 51753",2018-06-06T15:11:39
168,Heather,Ray,scott26@example.net,001-558-670-2982x2130,Christmas Island,Kellyton,"020 Horn Crossing Apt. 369 Port Susanburgh, AS 01033",2019-07-29T13:25:24
169,Shawn,Stephens,georgebrian@example.com,928.241.9875,Lithuania,South Ericastad,"591 Dennis Pass Williamston, FM 41058",2023-03-01T09:08:57
170,Richard,Warren,kpoole@example.net,874.328.7675x30967,Belgium,Kingview,"74287 Hoover Burg Apt. 906 Brownton, NY 86015",2018-04-29T09:14:07
171,Emily,Mathews,lydia96@example.org,712-925-9120x0687,Benin,East Johnfurt,"044 Miller Hill Apt. 882 Wendyfurt, KY 24336",2017-01-20T04:04:22
172,Jacob,Houston,renee76@example.com,+1-626-685-1916x822,Bahrain,Harristown,"30264 Luke Mews Suite 335 Bradleyville, SD 88542",2019-06-07T14:49:37
173,Steven,Lopez,hendersonclaire@example.org,(976)728-7144x9804,Guinea-Bissau,Shepardberg,"2194 Alexis Stravenue Apt. 486 East Thomas, ME 25768",2017-06-15T04:52:28
174,Danielle,Lewis,mmorrison@example.com,(211)751-2289,Palau,Scottborough,"36551 Jennifer Gardens Walkerport, PR 14584",2016-12-14T19:31:13
175,Peter,Cameron,phicks@example.com,260.361.6035x569,Taiwan,Caldwellshire,"283 Paige Pine Suite 804 North Anna, SC 98341",2023-11-05T14:32:35
176,Sierra,Harris,kharris@example.org,+1-963-284-3689x0710,Cameroon,Stevenmouth,"313 Crane Avenue Apt. 076 Chelseamouth, CT 46284",2018-08-19T07:56:59
177,Sarah,Mitchell,amandacastro@example.net,+1-971-505-6384x351,Colombia,Port Williamfort,"PSC 5993, Box 2941 APO AP 24086",2016-03-18T06:41:53
178,Sara,Cuevas,cameron70@example.org,(674)703-1997x2369,Saint Pierre and Miquelon,West Anitafort,"6192 Byrd Mountains Suite 717 Port Jacobhaven, WA 34677",2015-03-11T06:06:20
179,Rachel,Douglas,wrightvincent@example.org,+1-605-988-1642x396,Kyrgyz Republic,West Candace,"USNV Goodman FPO AP 44508",2018-12-24T01:20:53
180,Melissa,Ferguson,rodriguezleslie@example.org,001-561-288-9068x16080,Congo,Jamesbury,"30431 Joshua Burgs Port Matthewside, NV 20112",2020-01-28T19:10:16
181,Michael,Gutierrez,matthew96@example.com,5076646562,Bangladesh,New Robertotown,"66466 Carey Expressway Apt. 812 Ritterland, PA 44744",2015-06-28T16:00:17
182,Tamara,Brandt,dkaufman@example.org,001-675-353-1159x556,Greece,West Gabrielabury,"634 Joseph Village East Susanshire, DE 99416",2022-07-07T18:17:47
183,Tyler,Knapp,thomaschristensen@example.net,001-913-651-0043,Liechtenstein,East Nancyshire,"948 Wright Corners Suite 631 Melanieborough, GU 62847",2018-12-10T20:07:28
184,Robert,Franklin,rachelwest@example.org,+1-613-314-1183x8556,Guatemala,Dianatown,"285 Cook Avenue Apt. 128 North Andrew, HI 94322",2021-01-22T12:10:35
185,Andrew,Russell,owensjody@example.com,586.525.4726,Philippines,North Deborah,"9225 Griffith Gateway Reedtown, WA 37890",2021-12-17T22:41:38
186,Jessica,Young,hbrooks@example.com,(709)760-7900,Portugal,Port Paulside,"PSC 1850, Box 0885 APO AE 97650",2019-08-27T17:02:50
187,Kim,Tate,thompsonashley@example.org,4619082597,French Guiana,Poncestad,"01245 Leon Track Suite 165 Port Jessicamouth, GU 60642",2022-07-17T07:55:47
188,Mark,Allen,michelle27@example.org,(976)549-3818,Fiji,Josephbury,"368 Contreras Estate Whitefort, PA 41630",2020-01-15T03:43:49
189,Roger,Powell,myerstyler@example.net,848.869.6524,Niue,Lake Marcus,"15955 Jennifer Manor Feliciastad, MT 61528",2017-01-09T13:20:42
190,Belinda,Hernandez,joyjones@example.org,+1-586-933-4539x18371,Saudi Arabia,Zamorastad,"83982 William Estate Apt. 935 Weaverport, AL 50951",2015-09-23T16:05:16
191,Diana,Morgan,brownconnor@example.com,+1-935-532-2967x7018,Belgium,North Keith,"549 Cowan Track Apt. 828 Shaunside, NE 41303",2021-06-16T02:35:23
192,Jonathan,Lopez,zwilliams@example.net,(302)606-7894,Guam,Francisburgh,"193 Gross Oval Debraport, OK 58841",2019-04-09T04:20:28
193,William,Armstrong,kimberly85@example.com,556-358-8010x20109,Liberia,North Jessicatown,"9036 Elizabeth Spurs Raymondmouth, AZ 18223",2017-08-06T12:03:16
194,Justin,Ross,nashjennifer@example.com,7578525177,Bouvet Island (Bouvetoya),Ramosmouth,"89298 Moore Stravenue Moniquemouth, AK 87576",2022-07-23T07:24:59
195,Paul,Roberts,abbottvirginia@example.org,+1-841-636-8142x13721,Montserrat,Port Brandonview,"66093 Abigail Circle Anthonyshire, WA 30338",2022-08-21T12:49:15
196,Jason,Brown,ewilliams@example.com,(866)939-7375x33032,Maldives,Cynthiaberg,"8302 Jon Courts Suite 163 Hansenstad, GU 59573",2015-06-21T01:44:37
197,Tyler,Weaver,johncampos@example.net,259.412.9554x298,Romania,Andersonborough,"79360 Hodge Plains East Christopher, NV 16666",2022-10-16T21:59:16
198,Elizabeth,Shepherd,sjohnson@example.net,670.310.4220,Burkina Faso,South Michaeltown,"5061 Shelly Turnpike Suite 826 Lake Chad, PW 25079",2020-02-27T16:27:58
199,Nicole,Michael,prestonmichael@example.net,(471)453-2795x155,Guatemala,West Carolynville,"1673 Hoffman View Thompsonmouth, IL 76163",2017-04-30T13:10:14
200,Andrea,Rodgers,erin68@example.net,001-332-215-2621x405,Bulgaria,South Monicaborough,"59608 Cody Extensions Suite 255 Williamsview, ND 34859",2017-12-20T17:13:31
201,Karen,Taylor,smithkyle@example.org,001-412-562-1762x39936,United Arab Emirates,North Sheriborough,"058 Jacob Terrace Suite 552 Murphyton, WY 73845",2016-12-31T18:15:07
202,Joseph,Sullivan,shannonwiggins@example.net,659.682.9302x3232,Guam,Rhodestown,"8299 Lori Pine Port Teresafurt, WV 63170",2016-06-15T12:27:51
203,Alex,Blackburn,rachel93@example.com,001-512-834-6147,Philippines,West Adrian,"424 Gregory Highway Clarkchester, NV 85689",2020-02-24T15:29:55
204,Melissa,Whitaker,valdezamanda@example.org,234.636.7201x76397,Saint Lucia,New Claudia,"633 Glover Ville Larryton, DC 98994",2024-06-05T19:27:43
205,Janice,Preston,angelatate@example.com,+1-380-983-2829x6883,Jersey,Obrienview,"529 Raymond Fall Whitebury, MP 02574",2023-02-11T09:41:40
206,Ashley,Blair,browningdaniel@example.org,347.200.9741x67085,Bahrain,Blairhaven,"863 April Island Suite 003 East Christophertown, ND 99065",2024-09-05T22:38:09
207,Stacey,Cameron,lauraclark@example.com,+1-810-693-7761x67810,Colombia,North Ianville,"USS Wilkins FPO AE 53948",2022-10-23T12:17:38
208,Ashley,Barrett,carol15@example.com,882.674.4488,Cook Islands,Lake Alexis,"911 Holly Roads Port Kelly, SC 85235",2021-08-10T17:28:05
209,Laura,Barnett,austinjohnson@example.com,867.677.0451,French Southern Territories,Joannaton,"25239 Williams Pike Suite 497 Watsonport, ND 35209",2023-10-12T12:02:27
210,Vickie,Lawrence,mathistimothy@example.net,2508369459,Congo,Hartborough,"05020 Alexis Points Apt. 390 Johnchester, DC 92811",2023-04-03T09:44:04
211,Cheyenne,Bailey,shahpatricia@example.net,001-508-806-0758x75023,Kiribati,West Jerry,"725 Mcgee Dam Apt. 210 Port Andreamouth, ID 74784",2023-06-22T04:57:41
212,Charles,Williams,stevensonrachel@example.net,+1-602-984-0915x4442,Tuvalu,Jodytown,"PSC 6929, Box 3954 APO AA 01057",2019-12-03T04:30:58
213,Thomas,Marshall,angela35@example.net,867.249.9665x207,Antigua and Barbuda,Port Destinyhaven,"7977 Jacob Path Suite 122 Kennedyville, PA 71030",2015-07-20T20:56:34
214,Michael,Wang,karenmorgan@example.com,001-935-612-4934x48069,Cuba,North Annettechester,"377 Pennington Unions Suite 204 Yangland, VA 06383",2019-05-22T10:18:23
215,Raymond,Smith,joel70@example.org,591-905-9900x1279,Gabon,Paulhaven,"207 Cox Port Port Matthew, MH 78477",2023-10-21T06:38:19
216,Chelsea,Gregory,courtneyirwin@example.org,(598)235-4452,Saint Kitts and Nevis,East John,"921 Connor Hollow Madelineburgh, IA 61371",2024-05-31T17:11:15
217,Amy,Patterson,carrillojason@example.org,001-260-671-0778x8832,Niue,Stephenbury,"4658 Jones Groves Port Samuel, WV 27560",2017-06-10T22:44:55
218,Natalie,Vazquez,tprice@example.net,(738)343-0605x8541,El Salvador,Friedmanborough,"5015 Nguyen Mountains Flynnstad, WA 61340",2015-02-02T15:28:07
219,Billy,Cain,ymorris@example.net,935.749.7359x173,Taiwan,South Melissa,"9469 Robert Mission East Randall, MT 15860",2022-03-12T17:51:06
220,Monica,Mosley,coreyhampton@example.net,461-676-7550x52812,Hong Kong,Andersonborough,"8500 Patricia Orchard Suite 240 North April, RI 68540",2018-10-12T15:31:54
221,Mark,Frey,boydalan@example.com,(363)276-4056x15994,Lebanon,Welchside,"6990 Robert Green Apt. 052 Port Madison, WV 31951",2020-04-17T19:47:33
222,Dominic,Hoffman,huberrachel@example.net,536-902-4695,Bahamas,West Lindsaychester,"2264 Tricia Burg Apt. 308 East Jessicabury, VT 40209",2023-02-08T02:57:27
223,Arthur,Maynard,phamann@example.org,(383)204-8757x005,Guatemala,Port Jamesfort,"Unit 6039 Box 5831 DPO AP 83898",2021-04-12T15:48:19
224,Jason,Hardin,kathrynpearson@example.com,675-273-5674x7291,Northern Mariana Islands,Frenchport,"4553 Lin Cliffs Port Austinbury, SC 58557",2022-10-29T08:31:29
225,Steven,Graham,tammy86@example.net,963-887-9283x524,Cook Islands,Port Renee,"74259 Arias Viaduct Apt. 942 West Christopher, IA 84342",2015-11-30T14:04:02
226,Joseph,Turner,watsoncheyenne@example.com,001-913-447-2695,French Guiana,Thorntonburgh,"4314 Olson Ville Apt. 013 East Laurie, DE 37289",2017-06-11T15:46:50
227,Matthew,Wood,meghanfrench@example.com,001-897-904-7217x121,Cote d'Ivoire,South Franciscofort,"6454 Kaiser Mall Newtonmouth, WA 84134",2018-10-17T16:57:54
228,Lori,Fields,allisonarroyo@example.org,8822357737,Saint Pierre and Miquelon,Lake Robertview,"25726 Jackson Pines Apt. 100 Josestad, AR 51081",2018-02-20T00:10:44
229,Erin,Castaneda,hortonshannon@example.org,(757)956-8731x849,Liechtenstein,Wrighttown,"29741 Woodward Keys Shortfort, MI 14636",2024-05-09T03:01:30
230,Kenneth,Mason,simssteven@example.com,(298)418-4765x7134,Namibia,Jenkinsberg,"100 Mary Harbors Suite 236 North Barry, KS 67188",2018-11-23T09:27:55
231,Martin,Smith,hmueller@example.com,+1-492-791-3548x533,Morocco,West Amandaport,"738 Reynolds Plaza Suite 769 North Larry, OH 17525",2018-07-12T06:28:15
232,Catherine,Ward,lorirogers@example.com,648.277.7873,Uzbekistan,Desireeborough,"1522 Hunter Rest Suite 018 Hawkinsmouth, MS 98967",2016-02-25T16:44:37
233,Victoria,Trevino,stevenoneal@example.net,965.622.7127x2580,British Virgin Islands,Hannahside,"690 Ortiz Spurs Suite 479 Lisaland, MP 44988",2021-05-28T07:01:58
234,Stephanie,Summers,marcusandrews@example.org,001-200-482-7584x06664,Hungary,Heathertown,"30816 Hernandez Cliffs Apt. 119 East Kathleenton, MS 91853",2019-08-01T06:01:58
235,Charles,Gomez,tanya73@example.org,670.219.9349,Wallis and Futuna,Alanland,"87725 Matthew Fork Shannonport, VT 42503",2020-10-27T17:29:49
236,Nicholas,Sparks,ronald92@example.net,806.941.0910x6415,India,West Austin,"223 Amanda Ville Suite 529 East Garyborough, FM 23863",2022-02-06T11:35:00
237,Nicole,Ross,jonathanzuniga@example.org,285.652.6522,Belize,East Kimberly,"06986 Molly Street Apt. 808 New Brandyfort, IN 50501",2024-07-14T05:26:55
238,Raymond,Grant,mariepatterson@example.net,518-461-9412,Puerto Rico,South Ronald,"9144 Tammy Lake Rachelbury, ID 04883",2018-07-05T07:36:18
239,Tanya,Garcia,ashley09@example.net,7199277899,India,North Jeffrey,"67850 May Loop Suite 763 Brianburgh, VA 59517",2021-03-11T23:59:42
240,Brady,Morales,jacqueline19@example.net,7924266208,Yemen,Hamiltonchester,"9697 Cross Walks Petersonview, MA 75325",2021-12-09T01:37:15
241,Michael,Davidson,alvarezfrederick@example.com,+1-752-843-5327,Angola,New Sandramouth,"34128 Benjamin Dale Suite 599 New Evan, IA 89035",2021-03-27T17:31:59
242,Brian,Welch,burgessdeborah@example.net,(813)935-5217,Palestinian Territory,Davidtown,"9262 Watts Inlet Apt. 730 Lake Sharontown, PW 90166",2020-08-10T16:20:12
243,Maria,Fritz,wtorres@example.org,001-340-705-5733x54647,Peru,New Debbie,"41698 Solomon Hill Apt. 978 Andersonburgh, NM 05622",2015-06-14T21:01:35
244,Jennifer,Hughes,rcarlson@example.com,275.726.6431x8527,Malawi,Maureentown,"019 Palmer Mountains Suite 137 Thomasview, MA 33615",2021-04-27T02:36:27
245,John,Johnson,castillodaniel@example.net,363-284-0023,Malawi,West Brittany,"736 David Island North Dawn, TX 73474",2023-06-21T19:56:26
246,Sarah,Anderson,mcasey@example.com,679-896-4141,Liberia,Bowenstad,"39394 Joseph Lodge Adrianaburgh, FL 87950",2022-03-02T21:17:12
247,Christopher,Lindsey,knightsara@example.net,659.292.9069,Namibia,Mckeemouth,"03354 Alyssa Mountain West Allison, MI 05116",2019-11-10T12:23:09
248,Michael,Cross,benjamin38@example.com,648-409-1433x858,Zambia,East Dustin,"3968 Michael Drives Suite 341 Port Noahberg, KS 75371",2015-02-09T23:35:26
249,Brett,Parrish,brenda36@example.org,880.484.8215x2568,United Arab Emirates,Lake Marcushaven,"218 Justin Via Austinmouth, DE 50814",2021-10-08T10:06:59
250,Michael,Anderson,julienguyen@example.com,830.375.2402x106,Malta,Cooperville,"417 Ashley Expressway Suite 140 West Melissaborough, NC 40233",2016-07-18T09:43:40
251,Brianna,Brown,karen82@example.com,746.750.0650,Guam,Turnershire,"654 Lucas Shoals Youngland, ID 33645",2016-10-03T23:50:01
252,Kevin,Johnson,contreraslauren@example.org,+1-845-957-9782x5551,Honduras,Johnnyland,"4493 Ross Plaza Lake Jenniferchester, MA 20080",2024-10-13T21:39:08
253,Nathaniel,Smith,jose85@example.net,(543)573-0757x3191,Azerbaijan,Michaelberg,"991 Watkins Pines Suite 572 East Cassandra, MP 18085",2019-05-26T14:47:50
254,Sarah,Ortiz,hreilly@example.org,5049922102,Nauru,Jacobshire,"6389 Walsh Mountain Suite 990 Port Julia, ME 30109",2017-04-07T17:27:31
255,Robert,Perez,jacksonjeffrey@example.net,+1-905-334-6023x568,Kiribati,Toddport,"1235 Heather Parks Suite 006 Morrisberg, MI 90222",2021-08-19T07:26:43
256,Candace,Phillips,lucasjeffrey@example.net,482.755.2439,Mongolia,Port Bryanborough,"405 Raymond Trail New Heathertown, AR 38990",2022-01-28T08:50:11
257,Lisa,Woods,jeffrey28@example.com,566-956-7785x165,Romania,Lake Michellefort,"303 Allison Harbors New Terriberg, FL 27179",2022-08-04T08:57:51
258,Alan,Munoz,jennifer17@example.org,(420)409-2827x7737,Guatemala,West Kristinaton,"5156 Daniel Passage East Kaylaton, AK 57330",2018-11-14T02:47:00
259,Samuel,Sherman,heatheradams@example.org,956.403.6833x685,Togo,Robertshire,"3752 Daniel Harbor Lake Darrenfurt, VT 94876",2024-01-25T04:24:51
260,Steven,Jones,whitney11@example.org,267-767-2401,Andorra,North Vincentview,"4657 Jill Haven Suite 373 Trevorhaven, UT 32842",2024-06-01T01:51:04
261,Beth,Curtis,johncooper@example.com,001-467-907-3285x342,Argentina,New Natalie,"547 Colon Key Port Matthewtown, DC 66250",2022-07-14T04:04:59
262,Edwin,Hendrix,colleen59@example.com,515-271-8590x0977,Japan,Brianburgh,"25633 Kelley Harbor Suite 847 Adamsberg, FM 34787",2018-02-22T13:32:40
263,Linda,Peters,brendahopkins@example.net,292-848-3100x8453,Germany,Boydbury,"63720 Ray Plaza Suite 399 Rochaland, WA 99227",2022-01-04T01:37:58
264,Marc,Brown,contrerasstacy@example.net,(970)242-8693,Korea,East Williamville,"650 Cheyenne Spring Karachester, HI 44390",2020-10-30T13:06:43
265,Eric,Romero,paulparker@example.net,001-856-933-5252x551,Eritrea,South Brian,"3589 Tyler Bridge Apt. 149 Ryanstad, MN 83543",2023-01-11T00:24:35
266,Robert,Blanchard,brandi30@example.org,656-859-4385,Dominica,Lake Patricia,"89563 Scott Mill Apt. 657 South Mark, AR 59892",2022-05-14T15:38:13
267,Anthony,Lopez,petersonjo@example.com,001-438-348-3592x109,Guadeloupe,South Sarahside,"22839 Davis Mountain Suite 157 Port Jessicastad, IL 28672",2024-10-06T17:00:36
268,Matthew,Rodriguez,griffinryan@example.com,(543)536-8019x1140,Jersey,North Lori,"8224 Luis Trace Suite 767 Justinside, MH 22691",2020-07-27T02:25:01
269,Alex,Quinn,martinezandrew@example.org,001-938-924-1800x26435,Guadeloupe,Hopkinsberg,"172 Randall Roads Suite 056 Keithtown, TN 99309",2019-07-22T16:06:20
270,Gabriel,Montgomery,tracey84@example.org,001-724-332-7885x36875,Turks and Caicos Islands,North Christopherton,"4354 Hubbard Fort Rojasshire, IA 28033",2022-07-06T19:13:41
271,Logan,Mills,darrellshaffer@example.com,309-952-3982x4957,Zimbabwe,Parsonsside,"6555 Sullivan Ports Barrytown, WV 45962",2015-09-29T06:38:06
272,Justin,Stevens,pvargas@example.com,001-599-298-7474x9093,Senegal,Espinozamouth,"24263 Brooks Ferry East Nathan, PW 97198",2016-05-25T11:00:47
273,Emily,Miller,zray@example.com,+1-719-720-7225x82507,Palau,Port Michellemouth,"32679 Green Views Apt. 526 Robertsview, VA 79041",2019-07-01T07:28:33
274,Brandon,Mccall,hthomas@example.org,(823)438-1347x688,Australia,Brownmouth,"73408 Wilkinson Forks Apt. 737 Lake Cynthiashire, ND 05795",2020-09-03T13:57:28
275,Diane,Herrera,ssilva@example.net,820.224.5435,Nigeria,Davisview,"PSC 2166, Box 5609 APO AE 25009",2018-01-08T13:31:39
276,Claudia,Stewart,bdawson@example.com,+1-788-272-1965x50326,Samoa,South Justin,"7599 Roman Lane Suite 944 South Ryanstad, WY 35315",2021-02-10T20:38:36
277,Clayton,Smith,wgonzalez@example.com,616-759-9423,Albania,South Ashley,"95397 David Springs Apt. 855 North Stevenborough, MT 41979",2021-05-28T06:46:02
278,Robert,Morris,nixonmichelle@example.org,812-529-6262x4801,Senegal,Johnsonton,"511 Ramirez Cape Suite 761 Christopherchester, VA 47226",2018-11-22T16:29:50
279,Daniel,Mills,xpowers@example.net,524.903.3714,Yemen,Port Penny,"75826 Christopher Mission Lake Annaland, NH 09746",2021-01-27T15:54:19
280,Cynthia,Anderson,darrellmckinney@example.org,323.920.5471x2711,Philippines,Mistyport,"14424 Sharon Shoals New Jim, NJ 75046",2019-07-13T05:27:18
281,Diana,Gonzalez,moraleschristine@example.net,773-555-0110x185,Trinidad and Tobago,Wheelerbury,"140 Sierra Roads Taylorton, ID 97451",2020-08-27T04:17:24
282,Todd,Carter,michaelgarcia@example.net,+1-987-833-1597x9804,Mauritius,Bakerfurt,"03594 Paul Grove Suite 113 East Courtney, NH 59198",2020-10-05T15:49:05
283,Christian,Harrison,waltersdanielle@example.com,900-861-9120x78811,Panama,East Stefanieport,"51126 Watson Springs Eugeneville, IA 25601",2020-05-10T11:53:55
284,Bradley,Hamilton,barrettmichael@example.com,727-862-2366x4340,Estonia,New Abigail,"5385 Larry Mountain South Victor, KY 16914",2016-06-10T04:09:14
285,Julie,Walker,frazierkaren@example.net,9664230168,Cape Verde,North Stephen,"Unit 2841 Box 6820 DPO AE 53530",2016-12-29T23:22:03
286,Michael,Summers,lori16@example.net,441.537.4415x63929,Puerto Rico,Duranfort,"25092 Garcia Haven Suite 296 Saraview, MD 31287",2022-07-26T05:21:39
287,Sarah,Brewer,gabrielle20@example.net,001-979-759-6977x76295,Mozambique,Navarroshire,"7757 Martha Viaduct Lesliehaven, WV 79859",2017-10-24T03:28:45
288,Sarah,Campbell,christopher26@example.org,(452)259-3104,Slovenia,New Martin,"70812 Bradley Roads Suite 343 Lake Alexanderview, IN 40920",2020-10-22T11:57:01