product_id,product_name,category,price,stock_status
1,"Cream Large Scallop Dome Lamp Shade 6"" Top x 17"" Bottom x 11"" High x 12"" Slant (Spider) Replacement with Harp and Finial - Springcrest",Lighting & Ceiling Fans,59.99,In Stock
2,"LED Rechargeable Flashlights High Lumens, 250000 Lumen Super Bright Flashlight with ŒíATTERY & USB Cable, Powerful Handheld Waterproof flashlights with 4 Modes for Home/Camping/Emergency/Reading",Safety & Security,26.99,In Stock
3,Boy's Vasco Sandal,Boys' Shoes,33.95,In Stock
4,HOSNYE Do You Follow Jesus This Close License Plate Frame Metal License Plate Cover Front Plates Frames Car Tag Frame for Women Men US Vehicles Standard,Automotive Exterior Accessories,11.99,In Stock
5,"Women's Retro Large Size Canvas Shoulder Bag Hobo Crossbody Handbag Casual Tote,",Women's Handbags,11.49,In Stock
6,"Lenovo IdeaPad 1 14.0"" HD Laptop, Intel Pentium Silver N5030, 4GB, 128GB SSD, Windows 10 S, Ice Blue",Computers & Tablets,257,In Stock
7,ARTIBETTER 2Pcs Sanitary Napkin Storage Bag Pouch Period Bags Coin Purse Cosmetics Makeup Bag for Women Girls,Travel Accessories,9.49,In Stock
8,Beard Shaping Tool Beard Shape Template Beard Line up Shaper Grooming Guide Tool Edger for Jaw Cheek Neck Line Symmetric Curve Step Cut Goatee Mustache Great Gift (Pack of 1),Shaving & Hair Removal Products,4.99,Out of Stock
9,"2 Pack H13 True HEPA Replacement Filter, Compatible with TaoTronics TT-AP001 and VAVA VA-EE014, 3-in-1 H13 Grade True HEPA and Activated Carbon Filter",Home Appliances,21.98,In Stock
10,"SuperATV 2"" Rear Receiver Hitch for Can-Am Maverick X3 900 / X3 X / X3 Max (See Fitment) | Includes Cotter & Hitch Pin | 3/16""¬ù Heavy-Duty Steel | Tow up to 1650 Lbs. | Fits Standard 2"" Attachments",RV Parts & Accessories,99.95,In Stock
11,Gator-Grain Calfskin Leather Cuff Watch Band Bracelet FC30,Men's Watches,33.49,In Stock
12,"Home Expressions White Fitted Vinyl Mattress Protector 11.5"" Deep 80""x60"" (Queen)",Bedding,13.99,In Stock
13,"Diamond Painting Kits, 5D Diamond Art Kits for Adults Full Drill Diamond Paintings Kit Crafts for Adults Kids Beginners, DIY Colorful Dragon Diamond Painting Packs Gem Art Home Wall Decor14x14in","Painting, Drawing & Art Supplies",7.99,In Stock
14,"Pill Pouch Set, 7 Mini Zip Pill Organizers, Large Reusable Travel Pill Container, Color-Coded Medicine Bags, Organize Pills & Small Items",Home Use Medical Supplies & Equipment,24.99,In Stock
15,"C. Crane CC Buds PRO Earbuds, Mic & Phone Remote with Six Different Earbud Covers Included for Custom Comfort ‚Äì Designed for Voice Clarity and Audio Books ‚Äì Fits Large and Small Ears",Headphones & Earbuds,19.99,In Stock
16,"5"" Hair Bows for Girls 6 Inch Large Hair Bows Clips,Unicorn Hair Bow Holder Organizer for Girls Hair Clips Organizer Storage Unicorn Wall Hanging Home Decor for Girls Room",Baby Care Products,0,Out of Stock
17,"150 Joke Cards for Kids Vol.2 - Lunchbox Notes - Inspirational Motivational Cards for Children - Jokes and Puns for Boys and Girls - Great for Parties, Schools, Bake Sales, Picnics",Party Supplies,14.99,In Stock
18,"ùôêùôãùôÇùôçùòºùòøùôÄùòø MDS47123605 Washer Door Gasket Boot Seal Compatible with LG Kenmore Washer Seal Parts WM3470HVA, WM3770HWA, WM3370HWA, WM3570HWA,WM3575CW,AP5602285 Washer Door Boot Rubber Seal",Home Appliances,0,In Stock
19,Barn Door Floor Guide Black - Adjustable Wall Mount Barn Door Stopper Stay Roller - Interior/Exterior Barn Door Track Hardware - Bottom Sliding Door Guide for Pocket Closet Barn Doors,Commercial Door Products,16.97,In Stock
20,"Hape Sand and Beach Toy Watering Can Toys, Green",Sports & Outdoor Play Toys,6.99,Out of Stock
21,"hand2mind Fake Money Coin Assorted Set, Detailed Fake Coins, Prop Money, Toy Money, Play Money for Kids, Realistic Money, Pretend Money for Kids Learning, Play Money Set, Plastic Coins (Set of 96)",Kids' Dress Up & Pretend Play,11.49,In Stock
22,BEYOND RAW Chemistry Labs Creatine HCl Powder | Improves Muscle Performance | 60 Servings,Diet & Sports Nutrition,29.99,In Stock
23,Girls and Toddler Short Sleeve Woven Button Down Shirt,Girls' Clothing,19.99,In Stock
24,"Girls' Hooded Winter Puffer Jacket, Full-Length Heavy Weight Coat with Fleece Lining, Plum Caspia Sport, 12-14",Girls' Clothing,50,In Stock
25,"Kitsch Satin Pillow Rollers for Hair - Soft Rollers for Hair during Sleep | Softer than Silk Rollers for Hair Styling | Satin Rollers for All Hair Types | Heatless Satin Hair Curler, 6pc (Marble)",Hair Care Products,11.19,In Stock
26,Butt Lifter Padded Shapewear High Waist Hip Enhancer Pads Shorts Women Seamless Underwear Tummy Control Panty,Women's Clothing,19.99,In Stock
27,Men's All-Terrain Boot Crew Socks,Men's Clothing,0,In Stock
28,"Moonybaby Official Battery Split 30 and Split 60, (55933BV-2T, 55812-2T), Also for LeReve LRX-5 and LRX-52, Li-ion 3.7V 3000mAh",Baby Safety Products,25,In Stock
29,"Scotch Duct Tape, 1.88 in x 20 yd, Tangerine Orange, 1 Roll (920-ORG-C)","Industrial Adhesives, Sealants & Lubricants",7.29,In Stock
30,uxcell 17mm External Circlips C-Clip Retaining Shaft Snap Rings 304 Stainless Steel 50pcs,Power Transmission Products,6.49,In Stock
31,SCITOO fit for Ford Towing Mirrors Chrome Rear View Mirrors fit 2008-2016 for Ford for F250 for F350 for F450 for F550 Super Duty Truck Larger Glass Power Heated Turn Signal Manual Extending Folding,RV Parts & Accessories,159.99,Out of Stock
32,"MIKEDE Fishing Magnets, 1080 LBS Pulling Force Strong Magnets Fishing Kit with Heavy Duty Rope Diameter 3.94inch(100mm), Big Neodymium Rare Earth Magnet for Retrieving in River and Magnetic Fishing",Material Handling Products,19.79,Out of Stock
33,T shirt Folding Board T shirt Clothes Folder Laundry Organizer Easy and Fast for Kid and Adult to Fold Clothes Blue,Home Storage & Organization,12.99,Out of Stock
34,Wrangler Backpack Purse for Women Quilted Backpack for Travel Work Casual,Women's Handbags,35.99,In Stock
35,Corsair CMZ16GX3M2A1600C9 Vengeance 16GB (2x8GB) DDR3 1600 MHz (PC3 12800) Desktop Memory 1.5V,Computer Components,79.99,In Stock
36,Setgnur Lash Shampoo for Lash Extensions 60ml Eyelash Extension Cleanser Lash Shampoo Cleaning Kit with Shampoo Brush & Mascara Brush-No Irritating Foaming Eyelash Makeup Remover for Home Salon Use,Makeup,7.59,Out of Stock
37,"30pcs Black Hose Clamps 6-51mm(1/4""-2"") Adjustable Range 304 Stainless Steel Worm Gear Hose Clamps 6 Sizes Assortment Kit for Plumbing, Automotive, Mechanical Applications","Hydraulics, Pneumatics & Plumbing",9.99,Out of Stock
38,"Norforms Feminine Deodorant Suppositories, Long Lasting Odor Control, Tropical Splash Scent, 12 Count Deodorant Suppositories in Each Box (Pack of 3)",Health Care Products,15.11,In Stock
39,"Harper & Bright Designs House Bed Twin Size Wooden Daybed Frame with Drawers and Fence-Shaped Guardrail, Kids Tent Bed. No Box Spring Needed (Gray)",Kids' Furniture,186.99,In Stock
40,Boys' Lido Solid Lycra Short Sleeve Rashguard 50+ Uv Protection,Boys' Clothing,12.3,In Stock
41,3 Packs Daisy Sunglasses Daisy Flower Shape Round Glasses Toddler Kids Girl Daisy Flower Round Anti-UV Sunglasses,Girls' Accessories,11.99,Out of Stock
42,"Slimygloop Mix'Ems Twists Unicorn Milkshake, Metallic Slime, Scented Butter Slime, Add-Ins, Embellishments, Foam Balls, Glitter by Horizon Group USA",Novelty Toys & Amusements,7.99,In Stock
43,SiNG Party with Wii U Microphone (Renewed),"Wii U Games, Consoles & Accessories",0,In Stock
44,"1PC 100mm/ 4"" Dia 3 Spoke Round Silver Iron Hand Wheel for Milling Machine Lathe",Industrial Hardware,17.59,Out of Stock
45,"NATIONAL GEOGRAPHIC Glowing Marble Run ‚Äì 80 Piece Construction Set with 15 Glow in the Dark Glass Marbles & Storage Bag, STEM Gifts for Boys and Girls, Building Project Toy (Amazon Exclusive)",Toys & Games,34.99,In Stock
46,"HauSun Handheld Shower Head with On/Off Switch - 5 Spray Settings 6.5 Feet Extra Long Hose High Pressure with Bathroom Faucet Kit - Universal Adapter Holder Mount for Wall,Chrome Finish",Bath Products,25.99,In Stock
47,"Freezer Tape 3PCS, Writable Surface,Easy to Tear, Working Under Low Temperature, 3/4 Inch x 11 Yards",Packaging & Shipping Supplies,6.95,In Stock
48,"FACULX Toddler Travel Bed, Inflatable Airplane Bed for Toddler Kids with Safety Belt and Pump, Blow Up Toddler Air Mattress for Car, Airplane Economy Seats, Train","Nursery Furniture, Bedding & D√©cor",36.99,Out of Stock
49,"Car Windshield Sun Shade Umbrella,Foldable Car Sun Shade Windshield,Keep Vehicle Cool,Fit Sedan SUV Pickup Truck Most Vehicles Car Window Shades Front Windshield Sun Shade for car Windshield",Automotive Interior Accessories,19.99,Out of Stock
50,Initial Charm Bracelets for Women Gifts - Engraved 26 Letters Initial Charms Bracelet Stainless Steel Bangle Bracelet Birthday Christmas Jewelry Gift for Women Teen Girls,Girls' Jewelry,13.99,In Stock
51,"The Great Detective & Trusty Sidekick Friends & Couples‚Äô Halloween Costume Accessory Kits - 2-pack of Classic Book Novel Characters Accessories & Props - Great for Theme Parties, Mysteries, & More",Learning & Education Toys,29.99,In Stock
52,Dymoece Bicycle Computer Mount Co-Polymer Insert Adapter Replacement for Out Front Bike Mount,GPS & Navigation,6.99,In Stock
53,"24PCS Waterproof Soap Labels for Bottles, Bathroom Hand Soap Label Stickers, Shampoo and Conditioner Dispenser Labels for Glass/Plastic Spray Bottle (Black)",Bath Products,6.99,Out of Stock
54,"Drops Daisy 100% Merino Wool Yarn for Knitting and Crocheting, 3 or Light, DK, Leight Worsted Weight, 1.8 oz 120 Yards per Ball 1 * 50g (08 Pistachio ice Cream)",Knitting & Crochet Supplies,7.5,Out of Stock
55,"Blue Video Game Party Supplies - 212Pcs Gamer Gaming Party Decoration For Boys Birthday Party - Table Cover, Plates, Cups, Napkins, Utensils, Hanging Swirls, Birthday Banner, Cupcake, Topper Cake Topper & Balloons Serves 16 Guests",Party Supplies,29.99,In Stock
56,"Fowler 52-104-000-0, Screw Jack Set with 2.25""-3.375"" Range",Material Handling Products,39.57,In Stock
57,"200 Feet Solid Copper Wire Thin Jewelry Wire Pure Bare Copper Wire for Jewelry Making Craft, Electroculture Gardening Plants Supplies (20 Gauge,0.031'' Diameter)",Industrial Materials,19.99,Out of Stock
58,"Simplify Children‚Äôs 10 PK Velvet Hangers | Dimensions : 13.78"" W x 8.46"" H | Durable Plastic | Non-Slip | Keeps Shape | 14‚Äù Width | Children Sizes 2-16 | Velvet, Ivory",Retail Store Fixtures & Equipment,10.79,In Stock
59,"Brightz TossBrightz White Led Cornhole Lights Led Corn Hole Lights Cornhole Led Lights for Hole and Board Backyard Games Outdoor Games Lawn Games Camping Games for Adults Kids Family, White Lights",Sports & Fitness,24.99,In Stock
60,Kids' Holiday 2 Piece Snug Fit Cotton Pajamas,Boys' Clothing,13.08,In Stock
61,2 Packs HDMI Port Socket Hdmi Replacement for Xbox One S Slim Console HDMI Interface Connector Replacement,"Xbox One Games, Consoles & Accessories",8.99,In Stock
62,"Schleich Wild Life, Realistic Wild Animal Toys for Boys and Girls Ages 3 and Up, Lion Toy Figurine",Toy Figures & Playsets,7.99,In Stock
63,SUNNYCLUE 100Pcs 10 Styles Ocean Theme Resin Cabochon Charms Resin Flatback Charms Mixed Mermaid Tail Starfish Dolphin Whale Flatback Beads for DIY Scrapbooking Jewelry Making Supplies,Beading & Jewelry Making,14.99,In Stock
64,Mercenaries 2: World in Flames - Xbox 360,"Xbox 360 Games, Consoles & Accessories",46.01,In Stock
65,"10pcs 3 Way Air Line Connector Aquarium Fish Tank Airline Tee Valve Pump Tube, White",Fish & Aquatic Pets,6.66,In Stock
66,Tahom Crossbody Bag 2 in 1 Travel Pouch,Backpacks,26,In Stock
67,BAPPEY Fall Decor - Pumpkin Decor - 8PCS Metal Cracked Artificial Pumpkin Set - Glittery Fake Pumpkins for Fall Halloween Thanksgiving Home Table Centerpiece Filler Decor,Home D√©cor Products,18.99,In Stock
68,Big Country Toys - Fishing Toy Playset - Kids Fishing Set with Toy Boat - 10-Piece Fishing Set,Toy Figures & Playsets,39.99,Out of Stock
69,Blue Feather My Pad for Needles Machine Needle Organizer,"Arts, Crafts & Sewing Storage",11.4,In Stock
70,"2002B Handy-Shield Maxx Ada Soft Cover Under Lavatory Protector, 2-Piece Kit",Pumps & Plumbing Equipment,50.5,In Stock
71,"RESINWORLD Set of 4"", 3"", 2.5"", 2"", 1.7"", 1.3"", 0.9"" Clear Silicone Sphere Molds, Large 3D Seamless Sphere Silicone Molds for Resin Casting, Round Ball Orbs Epoxy Resin Mold for Jewelry, Soap, Candle",Beading & Jewelry Making,16.99,In Stock
72,Plush Infant Snow Girls Shoes Walkers Soft Boots Boys Cotton Baby Warm Baby Shoes Baby Girl Booties,Girls' Shoes,8.99,In Stock
73,GeekShare Protective Case Slim Cover Case Compatible with Nintendo Switch and Joy-Con - Shock-Absorption and Anti-Scratch - Skull,"Nintendo Switch Consoles, Games & Accessories",18.99,Out of Stock
74,"Broan-NuTone FGR101S Replacement Square Bathroom Ventilation Exhaust Fan Grille Cover, White",Building Supplies,12,Out of Stock
75,Birt MFA506027 Mens Memory Foam Casual Mid-Top Sneaker Desert Vegan Leather Chukka Boots,Men's Shoes,59.99,In Stock
76,"Sterilite 17631706 27 Quart/26 Liter ClearView Latch Box, Clear with Sweet Plum Latches, 6-Pack",Home Storage & Organization,45.99,In Stock
77,Dan&Darci Soap Making Kit for Kids - Crafts Science Toys - Birthday Gifts for Girls and Boys Age 6-12 Years Old Girl DIY - Best Educational Activity Gift,Toys & Games,14.99,In Stock
78,Standard Skateboards Gift 31 Inch Complete Skateboard Wood 9 Layer Canadian Maple Trick Skate Boards for Boys Girls Youth Teens Beginner,"Tricycles, Scooters & Wagons",39.99,In Stock
79,FastCap KISS DB Index 1/16-inch - 1/2-inch Color-Coded 32 Drill Bit Slot Index,Cutting Tools,40.16,In Stock
80,Nishine 2 pieces Baby Girls Crown Headband Princess Tiara Headdress Set Toddler Elastic Head Band (Gold/Silver),Baby Care Products,9.99,In Stock
81,Todder Girl Playwear Dress Playwear Party Princess Dress,Girls' Clothing,9.99,In Stock
82,"Kitchen Knife, 3-Pcs Knife Set With Sheath, 8 Inch Chef Knife, 4.5 Inch Utility Knife, 4 Inch Paring Chef Knife, Stainless Steel, Black",Industrial & Scientific,7.67,In Stock
83,"4PCS LED Car Wheel Tire Valve Caps Lights, Neon Spoke Flash Light Bulb for Bike Motorcycle, Waterproof Motion Sensors Led Lamp with 10 Extra Battery, Auto Accessories for Most Cars (Multicolour)",Automotive Tires & Wheels,9.99,Out of Stock
84,"Diaper Bag Backpack with Changing Station, Multifunction Baby Bag with Portable Changing Pad Suitable for Baby Registry Search Shower Gifts (Gray)",Baby Travel Gear,35.99,Out of Stock
85,"4.0ct Elongated Pear Shaped Engagement Ring for Women,18K Gold Plated 925 Sterling Silver Simulated Diamond Promise Ring",Women's Jewelry,59,In Stock
86,"6 Pack Linkable LED Shop Light for Garage, Utility Light Fixture, 5000K Daylight LED Workbench Light W/Plug, Hanging or Surface Mount, LED Shop Lights with Pull Chain (6PK)",Lighting & Ceiling Fans,57.99,In Stock
87,Body Camera Small Body Video Cam 32GB 1080P 8 Hours Recording Time Personal Pocket Wearable Video Camera Sport DV Camera,Safety & Security,44.99,In Stock
88,"Kleenex Trusted Care Everyday Facial Tissues, Cube Box, 55 Count (Pack of 27)",Janitorial & Sanitation Supplies,39.99,In Stock
89,"Uniden R3 EXTREME LONG RANGE Laser/Radar Detector, Record Shattering Performance, Built-in GPS w/ Mute Memory, Voice Alerts, Red Light & Speed Camera Alerts, Multi-Color OLED Display , Black",Vehicle Electronics,290.27,In Stock
90,"25W Samsung Super Fast Charger Type C, SCRUAK 2Pack S23 Ultra Charger PD/PPS USB C Super Fast Charging Block&10FT Type C Cord for Samsung Galaxy S23/S23+/S23 Ultra/S22/S22+/S22 Ultra/S21/S20/Note 20",Portable Audio & Video,16.99,Out of Stock
91,"The Perfect Chess Set Classic Heavyweight Edition - Tournament Chess Set for Kids & Adults - with Two 20‚Äù x 20‚Äù Silicone Boards, Triple Weighted Staunton Pieces, Carry Box & Bags",Games & Accessories,39.98,In Stock
92,"Accessories Nylon Across Body Bag, Black",Laptop Bags,79.43,In Stock
93,"Rubber Squeegee Broom for Floor - RONSUNG Multifunction Scraping Silicone Broom Sweeper, Squeeze Broom Sweeping Water, Fine Dust Remover, Cleaning Pet Hair, Glass Windows",Household Cleaning Supplies,16.99,Out of Stock
94,"4 Pcs 608ZZ Deep Groove Ball Bearing,8x22x7mm Low Speed Miniature Ball Bearing,Double Galvanized Iron Cover Bearings for Electric Motor, Wheels, Home Appliances, Garden Machinery Bettomshin",Power Transmission Products,6.99,Out of Stock
95,"DUDE Wipes - Flushable Wipes - 2 Pack, 96 Wipes - Unscented Extra-Large Adult Wet Wipes",Janitorial & Sanitation Supplies,6.68,In Stock
96,Jerusalem Red Crystal Beads Catholic Rosary Necklace in Gift Box,Boys' Jewelry,9.99,In Stock
97,"Construction Paper (600 Sheets), Construction Paper Bulk, 9 x 12 Construction Paper Assorted Colors, Construction Paper for Kids, Color Art Paper, 600 Sheets Per Pack, 1 Pack (600)",Craft Supplies & Materials,31.99,In Stock
98,"White Round Coasters,10 Pcs 4 Inch Sublimation Blank Coasters for Office Home Bar Thanksgiving Christmas Crafts Painting Heat Press Picture Logo",Printmaking Supplies,11.99,In Stock
99,Carreuty Baby Tissue Box Toys for Babies 6 to 12 Months Montessori Toys for Toddlers Sensory Baby Toy Magic Kids Tissue Box Toy Development Toy 12 PCS for Baby Girl Boy Finger Toy,Child Safety Car Seats & Accessories,9.99,Out of Stock
100,"Rainbow Tie Dye Spandex Fabric 4 Way Stretch for Sewing Swimsuit Activewear 66"" Wide (Pre-Cut 1 Yard)",Craft & Hobby Fabric,14.98,In Stock
101,"Men's Convert Hybrid Duffel, Black, One Size",Travel Duffel Bags,33.21,In Stock
102,25CM/9.8IN Murder Plush Cute N Plush Doll Uzi Cartoon Animation Character Plushie (25CM/9.8IN),Stuffed Animals & Plush Toys,15.99,In Stock
103,Dorman 1611231 Passenger Side Tail Light Assembly Compatible with Select Dodge Models,"Lights, Bulbs & Indicators",34.06,In Stock
104,16mm x 25mm Black Replacement Watch Band Strap,Men's Watches,18.99,In Stock
105,"Kids Girls Jumpsters 2.0-Blurred Dream Sneaker, Pink/Multi, 2 Little Kid",Girls' Shoes,40.36,In Stock
106,Transducer Extension Cable,Vehicle Electronics,42.97,In Stock
107,"2 in 1 Car Seat Cover, Baby Carseat Cover Breathable Car Seat Cover for Newborn & Infant Car Seat Cover with Privacy Sun Shade Carseat Canopy for Boys & Girls (Pink)‚Ä¶",Baby Travel Gear,14.99,In Stock
108,"Avantree Convenient Table Top Charging Stand for Aria Series Headphones - Aria Me S, Aria Me, Aria Podio, Aria 8090T Over Ear Headphones",Headphones & Earbuds,39.99,In Stock
109,"GE Lighting Relax LED Light Bulbs, 40 Watt Eqv, Soft White HD Light, Decorative Bulbs, Small Base, Frosted (4 Bulbs)",Light Bulbs,18.99,Out of Stock
110,"End Rail Clamp 1-3/8"" x 1-3/8"", Chain Link Fence T Clamp, Galvanized Steel End Clamp for 1-3/8"" OD Pipe, 2 PCS, Bolts & Nuts Included",Pumps & Plumbing Equipment,9.99,In Stock
111,"ISDB T Digital USB 2.0 TV Receiver, Mini Portable TV Stick Tuner Receiver Video Recorder for Laptop PC",Computer External Components,19.3,In Stock
112,"Boys' & Mens Short Sleeve Button Down Oxford Shirts,Kids Summer Uniform Dress Shirt Tops 2T - XXL",Boys' Clothing,17.99,Out of Stock
113,"DEVASO Battery Pack for Meta Quest Pro, 6000mAh Portable Mini Battery Pack Replacement for Extra 3 Hours Playtime, Lightweight Design and Counter Balance with Improved Comfort",Wearable Technology,44.99,Out of Stock
114,"TL TOOLEGIN Push to Connect Fittings 1/4"" Tube OD x 1/8"" NPT Male Air Line Fittings Air Hose Fittings Pneumatic Fittings DOT Air Fittings Air Compressor Quick Connect Fittings 5pcs Brake Line Fittings","Hydraulics, Pneumatics & Plumbing",17.99,Out of Stock
115,"Women's Mule Toe Capper No Show Socks, 6-Pairs, Nude, Shoe Size: 5-10",Women's Shoes,11.42,In Stock
116,"DIY 5D Diamond Painting Kit, Round Full Drill Embroidery Cross Stitch Arts Craft Canvas Supply for Home Wall Decor Adults and Kids 13.77""x11.81""",Needlework Supplies,14.99,In Stock
117,"Hello Kitty Calculator, Xinyu Lighting Creative and Cute Solar Calculator, 12-Digit LCD Display, Suitable for Adults and Children, Solar and Battery Powered (White Jewel Model)",Office Electronics,9.99,Out of Stock
118,LED Lights Kit for Lego Marvel I am Groot 76217 - Lights Set Compatible with Lego 76217 Set -Classic Version (Lights Kit Without Model),Building Toys,28.99,In Stock
119,"Hexgears X5pro Wireless Mechanical Gaming Keyboard, 108 Key Low Profile Wired Keyboard, Compatible with Windows and Mac OS Systems (Blackwhite)",Mac Games & Accessories,119.99,Out of Stock
120,Baby Boys Button Down Shirts Hawaiian Cartoon Print Slim-Fit Short Sleeve Cool Dress Shirt Cute Top for Kids,Boys' Clothing,6.99,Out of Stock
121,Milwaukee 48-22-8337 Packout Shop Storage Roll Holder,Home Storage & Organization,0,In Stock
122,"Repgfor Baby Scale/Baby Scales for Weighing/Toddler Scale/ Pet Scale/Baby Weight ScaleÔºåTare and Hold FunctionÔºåSuitable for Babies, Infants, Adults, Pets, Puppies, Cats, Dogs",Baby Care Products,31.99,In Stock
123,Women's Chukka Boots,Women's Shoes,129.72,In Stock
124,"Woolzies Laundry Essential Oil Linen Spray Set | Use with Wool Dryer Balls, Face, & Body, Natural Room Mist | Includes Petal Fresh, Still Breeze, Citrus Clean 50 ML",Wellness & Relaxation Products,19.99,In Stock
125,"ARP 653-1500 Black Oxide 7/16-14"" RH Thread 1.500"" UHL 6-Point Bolt with 7/16"" Socket and Washer, (Set of 5)",Automotive Performance Parts & Accessories,24.65,Out of Stock
126,"Essential Oxygen Plus Peppermint Brushing Rinse, 16 Ounce - 2 per case.",Beauty & Personal Care,27.6,In Stock
127,"Solid 14k Yellow Gold Hypoallergenic AAA Cubic Zirconia Solitaire Screw Back Stud Earrings Secure Screw On Backs, 3mm-7mm",Women's Jewelry,23.99,Out of Stock
128,"Large Capacity Travel Cosmetic Bag,Leather Multifunctional Storage, with Handle and Divider Travel Cosmetic Bags for Women,Opens Flat for Easy Access,Waterproof Portable Makeup Bag (pink)",Travel Accessories,9.98,In Stock
129,"Door Silencer Quiet Door Closer Cushion, Padded Door Latch Cover for Nursery, Baby, Light Sleepers Noise Reduced Prevent from Locking for Toddler Safety - 4 x 3 inch, Natural Colored, Pack-3",Baby Safety Products,11.95,In Stock
130,"(Pack of 2) 5/16"" G80 Logging Chain Choker Hook with 2 Tons 4400 Lbs Working Load Limit",Material Handling Products,17.96,In Stock
131,"4G LTE Router [Detachable Antennas Version], Modem with SIM Card Slot Unlocked, Mobile Hotspot Support AT&T and T-Mobile, 2-Antenna Wireless Wi-Fi Router",Computer Networking,129.99,In Stock
132,"FONHCOO Blue Light Blocking Glasses Women Men Computer Eyeglasses,TR90 Fashion Round Transparent Anti Blue Light Glasses with Anti Eyestrain & UV Glare for Gaming & Reading (Flesh Pink)",Vision Products,15.99,In Stock
133,"Rock Doctor Natural Tile Grout Cleaner for Grease, Dirt, Oil, and Soap Scum, Heavy Duty Non-Abrasive Floor Cleaner, Glazed or Unglazed Support, Natural Formula, Pack of 1",Building Supplies,18.88,In Stock
134,"Moread HDMI to VGA, Gold-Plated HDMI to VGA Adapter (Male to Female) for Computer, Desktop, Laptop, PC, Monitor, Projector, HDTV, Chromebook, Raspberry Pi, Roku, Xbox and More - Black",Computers,7.99,In Stock
135,"Fosmon 24 Hour Programmable Digital Timer Outlet (2 Pack), ON/Off Program, LCD Display, Mini Indoor Single Plug-in Outlet Timer, 125V 15A for Seasonal Light, Lamp, Heater, Portable Fan, Aquarium",Electrical Equipment,11.99,Out of Stock
136,"26 PCS Army Men Helicopter Carrier Toys, Military Soldier Action Figures, Combat Truck, Motorcycle, Jumbo Transport Aircraft with Lights & Sound, Weapons Accessories Playset for Kids Boys",Toys & Games,42.95,In Stock
137,"VTech Brilliant Baby Laptop, Red",Toys & Games,20.04,In Stock
138,Microfiber car Drying Towels Car Detailing Cleaning Waxing Buffing Towel Super Absorbent 380GSM 16 Inch X 22 Inch 3 Pack Grey,Car Care,18.99,In Stock
139,"HTTMT- Potty Training Toilet with Life-Like Flush Button & Sound for Toddlers Kids, White (Center Push Flushing) [P/N: ET-BABY004-WHITE]",Toilet Training Products,45.29,In Stock
140,CURT 28911 Replacement Boat Trailer Jack Mounting Bars,RV Parts & Accessories,6.31,In Stock
141,Disposable Rain Ponchos 8 Pack Emergency Poncho Family Pack Clear Rain Jacket with Hood Thickened Lightweight Rain Ponchos for Kids Adults Men Women One Size Fits All,Automotive Paint & Paint Supplies,8.41,In Stock
142,"Late for the Sky University of Florida Gatoropoly Blue, Orange",Games & Accessories,19.99,In Stock
143,"Pocket Printer, Mini Thermal Printer,Inkless Bluetooth Printer for Photo Picture Office Receipt Label Note with iOS Android,1 Rolls Paper",Retail Store Fixtures & Equipment,26.99,In Stock
144,"Chemical Guys EQP403 ProBlow High Flow Professional Hand Held Dryer & Blower (Car Wash Dryer) for Cars, Trucks, SUVs, RVs, Yard, Garage, Home, Work and More",Car Care,99.99,In Stock
145,"Cry Babies Magic Tears Storyland - Story House Series | 10 Surprise Accessories, Doll | Kids Age 3+",Dolls & Accessories,14.99,Out of Stock
146,"Teardrop Women Earrings,s925 Sterling Silver Teardrop Birthstone Crushed Ice Birthstone Stud Earrings,Bridal Prom - Elegant Birthday Valentines Anniversary Wedding Mothers Day Jewelry Gifts for Women Girlfriend Her Wife",Girls' Jewelry,56.99,In Stock
147,200Pcs Self Adhesive Cookie Candy Bags Big Mouth Monster Bakery Decorating Bags Treat Bag Chocolate Gift Bags for Kids Party Favor Candies and Desserts (3.94 x 3.94 In),Gift Wrapping Supplies,9.99,In Stock
148,"American Girl WellieWishers Ready to be Royal Accessory Set for 14.5-Inch Dolls with an Iridescent Bag, A Gold Hand Mirror Dolls, A Gold Tiara Ages 4+",Dolls & Accessories,26,Out of Stock
149,"JAJADO Christmas Theme Silk Screen Stencils 10 Pcs, Xmas Winter Holiday Chalk Mesh Transfers Mesh Stencil Reusable Self-Adhesive Screen Printing Stencils for Wood, Fabric, Pillow, Wall DIY Home Decor",Printmaking Supplies,25.99,In Stock
150,Cotton Short Sleeve Hunting Tee,Men's Clothing,19.98,Out of Stock
151,Mini 2 Drone Flexible Flat Ribbon Cable Compatible with DJI Mavic Mini Flex Cable Repair Parts Replacement,Tablet Replacement Parts,15.99,In Stock
152,CHI 3-in-1 Heated Round Blowout Brush,Hair Care Products,83.87,In Stock
153,"Retro-Bit Retro Duo 2 in 1 Console System - for Original NES/SNES, & Super Nintendo Games - Black/Red",Legacy Systems,59.99,In Stock
154,"Bedside Caddy, 10 Pockets Hanging Bed Organizer for Hospital Beds, College Dorm Rooms or Baby Bed (Black)","Nursery Furniture, Bedding & D√©cor",17.99,In Stock
155,Boys' Batman and Friends Classic Long Sleeve Cotton 4 Piece Pajama,Boys' Clothing,14.1,In Stock
156,"Digital Alarm Clock,6"" Large LED Display with Dual USB Charger Ports | Auto Dimmer Mode | Easy Snooze Function, Modern Mirror Desk Wall Clock for Bedroom Home Office for All People (Gold)",Home D√©cor Products,24.59,In Stock
157,Vive Forehead Thermometer - Infrared Temperature Temporal No Touch Termometro for Adults and Kids - Touchless Digital Sensor - Non-Contact Temporal Artery Fever Indicator - Instant Read,Professional Medical Supplies,6.99,In Stock
158,"JOAPRIL Deck Joist Tape for Decking 1-5/8"" x 50', 2 Pack Butyl Joist Tape, Extend Deck Life Deck Tape, with Joist Tape, Waterproof and Anti-Corrosion","Industrial Adhesives, Sealants & Lubricants",26.99,In Stock
159,rancher 420 Front Brake Pads for 2007-2015 Honda TRX 420 Fourtrax Rancher / 1999 2000 TRX400 Fourtrax / 2001-2008 TRX400 Sportrax ATV FA84,Motorcycle & Powersports,12.69,In Stock
160,Boy's Falcotto Zak 3 VL (Toddler/Little Kid) Navy/Azure EU 26 (US 9.5 Toddler) M,Boys' Shoes,65.95,In Stock
161,"Schleich Dinosaurs, Jurassic Era Dinosaur Toys for Boys and Girls, Velociraptor ToyFigurine with Moving Jaw, Ages 4+",Toy Figures & Playsets,10.99,In Stock
162,"50 Pcs Clear Glass Dropper Vails 2ml Mini Essential Oils Sample Dropper Bottles For Traveling Essential Oils Perfume Cosmetic Liquid,With 2 pcs dropper",Travel Accessories,11.99,In Stock
163,Gaming Essentials 4-in-1 Casino Games,Mac Games & Accessories,18.99,In Stock
164,"Night Light for Kids,Rotating Starry Night Light Projector with Remote Control,6 Films,USB Rechargeable,Soothe Musics,Bedside Lamp Nursery Light for Baby,Boys,Girls Birthday,Christmas Gift (White)","Nursery Furniture, Bedding & D√©cor",19.99,Out of Stock
165,"Men's Performance Tech Muscle Tank T-Shirt, Pack of 2",Men's Clothing,22.8,In Stock
166,"Avantree DAC02 192KHz Digital to Analog Audio Converter with Toslink Optical Cable, Volume Control, SPDIF Coaxial to Stereo L/R RCA 3.5mm AUX Adapter for PS4 PS3 Xbox HD DVD Home Cinema AV Amps TV",Home Audio & Theater Products,26.99,In Stock
167,"Earring Organizer 3-Tier 75 Holes Jewelry Organizer Display Stand,Metal Earring Holder with Wood Basic stand,Necklace holder Storage Tray for Ring,Earrings,Ear Stud,Bracelets(Black)",Home Storage & Organization,11.99,In Stock
168,"Horizontal Yarn Spindle Feeder or Dispenser,Wooden Spinning Yarn & Thread Holder, Knitting Embroidery Accessory Prevent Yarn Tangling for Gift Yarn Holder/Yarn Tool Spool","Arts, Crafts & Sewing Storage",17.99,In Stock
169,"Original 3 Pack Kitchen Countertop Appliance Sliders Mat - Scratch Protecting & Heat Resistant Easy Moving Slider Mats for Countertop Appliances - Coffee Maker, Air Fryer, Blender",Home Appliances,24.99,In Stock
170,"Pearl Necklaces for Women, 14k Gold Plated Pearl Choker Necklace Dainty Gold Pearl Necklace Simple Gold Choker Necklaces for Women Trendy Cute Tiny Wedding Pearl Jewelry for Women Gifts",Women's Jewelry,13.99,In Stock
171,Oversized One Piece Sunglasses Women Men fashion Siamese Lenses Retro Design,Men's Accessories,9.99,In Stock
172,"1-1/2"" J Hook Fasteners for Standard Tagging Guns, J-Hook Plastic Fasteners, 1.5"" L Tag Gun J-Hooks, 5000 Pcs (Transparent Color)",Retail Store Fixtures & Equipment,16.54,In Stock
173,SIMDER MIG Welder 140A Flux Core Welder MIG/Stick 2 in 1 Welding Machine Gasless 110V/220v Dual Voltage IGBT DC Inverter Welder‚Ä¶,Automotive Tools & Equipment,109.99,In Stock
174,"Teecho Girls Waterproof School Backpack Fashion 15.6"" Laptop Backpack for Teenager Cat",Laptop Bags,29.99,Out of Stock
175,"Women Crossbody Wallet Purse, RFID Card Holder Wristlet Clutch 2 Straps",Women's Handbags,29.99,In Stock
176,"Miunana Lot 34 pcs Random Doll Clothes Shoes Set for 11.5 inch Doll, Includ 10 PCS Boy Doll Clothes + 5 Girl Clothes + 5 Girl Fashion Skirts + 4 Pairs for Boy Shoes + 10 Pairs of Girl Doll Shoes",Dolls & Accessories,15.99,In Stock
177,"Aluminum NVG Mount Compatible with GoPro Hero 12/11/10/9/8/7/6/5 Black, Tactical Helmet NVG Mount Compatible with DJI Osmo Action 3/2,Insta360 ONE R/AKASO/Crosstour and Most Action Cameras",Camera & Photo,20.99,In Stock
178,Boy's Rf0a3vbl Sandal,Boys' Shoes,31,In Stock
179,Girls Toddler Sun Hat Beach Toddler Hat Party DIY Ponytail Hat Adjustable Kids Baseball Cap,Girls' Accessories,9.88,In Stock
180,"Craftables Silver Vinyl Sheets - Permanent, Adhesive, Glossy & Waterproof | (10) 12"" x 12"" Sheets- for Crafts, Cricut, Silhouette, Expressions, Cameo, Signs",Scrapbooking & Stamping Supplies,9.99,Out of Stock
181,"Car Vacuum Cleaner, Mini 12V Super High Power Handheld Portable Car Vacuum W/Attachments, 16.4 Ft Cord, and Bag - Black - Detailing Kit Essentials for Car, SUV, RV Camper",Car Care,24.99,Out of Stock
182,"RDX Boxing Hand Wraps Inner Gloves, 180 Inch 4.5m Elasticated Thumb Loop Bandages, Mexican Style Under Mitts Wrist Wrap Protection Muay Thai MMA Kickboxing Martial Arts Punching Bag Training Men Women",Sports & Outdoors,9.99,In Stock
183,Cowboys It's in My DNA for Baby Boy Girl Onesie Footies Coverall Newborn Bodysuit,Baby Boys' Clothing & Shoes,9.8,In Stock
184,Superheroes Batman and The Flash Reversible Jacket for Kids and Toddlers,Boys' Clothing,31.99,In Stock
185,Wooden Trains 21PCS with Detachable Figures - Train Toys Magnetic Train Set Best Toys for 2-3 Year Old BOY and Girls - Compatible with Thomas Wooden Train Set - Train Tracks,Toy Vehicle Playsets,22.95,In Stock
186,Geyoga 2 Pairs Cut Resistant Sleeves Level 5 Arm Protective Sleeve for Thin Skin and Bruising Gardening Sleeve for Men Women (Black),Safety & Security,12.99,In Stock
187,"5 Pairs Merino Wool Socks Mens, Super Thick Mens Hiking Socks Thermal Wool Socks for Cold Weather(USA Size 7-13)",Men's Clothing,19.99,In Stock
188,DMC Stranded Cotton Embroidery Thread 746 - per skein,Needlework Supplies,4.18,In Stock
189,"eXtremeRate Luna Redesigned Black Front Shell Touchpad Compatible with ps5 Controller BDM-010 BDM-020 BDM-030, Textured Black Replacement Bottom Shell Back Cover Compatible with ps5 Controller","PlayStation 5 Consoles, Games & Accessories",36.99,In Stock
190,Juniors' Authentic Cheer Short,Girls' Clothing,9.98,In Stock
191,"Winter Gloves, Winter Hat, and Scarf for Boys, Toddler Hat and Glove Set, DC Comics Boys Gloves, with Hat & Scarf",Boys' Accessories,19.99,Out of Stock
192,18K Gold Dragonfly Necklace for Women Girls Dainty CZ Zircon Dragonfly Pendant Necklace Summer Jewelry Gifts for Dragonfly Lovers,Girls' Jewelry,10.99,In Stock
193,"Oracal 631 Exhibition Cal Matte Finish - 12"" x 10ft - Brilliant Blue 086",Scrapbooking & Stamping Supplies,10,In Stock
194,"QWORK Human Leg Skeleton Bundle, 35"" Human Skeleton Model, Bone and Foot Joints, Knee Joint, Removable Hip Joint and Fully Articulated Foot",Science Education Supplies,62.97,In Stock
195,Shaver Charger Compatible with Finishing Touch Flawless Body Rechargeable Ladies Shaver USB Cable Replacement 5V Power Cord Women Electric Trimmer Adapter,Shaving & Hair Removal Products,7.26,Out of Stock
196,Vibrant Performance 2690 Silver Anodized Aluminum Vacuum Manifold,Automotive Performance Parts & Accessories,62.32,Out of Stock
197,Daystar KJ02005BK Front Frame Shackle Bushing,Automotive Performance Parts & Accessories,11.99,In Stock
198,"HWF64 Humidifier Filter Compatible with Sunbeam SCM1746, with Holmes HWF64, HM1730, HM1745, HM1746, HM1750, HM2200 - Filter B (4 Pack)","Heating, Cooling & Air Quality",24.99,Out of Stock
199,Oil Additive Diesel Truck Engine Treatment: Add to Engine Oil - Makes High Mileage Pickups Like New with a Synthetic Material (Treats One Big Diesel Truck) Make Your Truck More Heavy Duty,Oils & Fluids,179.99,In Stock
200,"Cell Phone Ring Holder Finger Stand - Lamicall Phone Kickstand, Metal Grip Hook Work with Magnetic Car Mount, Compatible with iPhone 14 13 12 Mini 11 Pro Xs Max XR X 8 Plus, Smartphone Accessories BLK",Cell Phones & Accessories,9.99,In Stock
201,Pineapple Bracelet Natural 7 Chakra Gemstone Beaded Stretch Bracelet Charm Handmade Energy Healing Stones Yoga Prayer Beads Fashion Jewelry for Women Girls,Boys' Jewelry,8.99,In Stock
202,"Magnetic Blocks Toddler Toys for Boys and Girls - Large 3D Magnetic Cubes, Educational Construction Kit, Preschool Learning Sensory Montessori Toys, Ideal Gifts for 3+ Year Old Toddlers",Toys & Games,35.99,Out of Stock
203,"MAMIMAKA Baby Caps Mittens and Thick Warm Socks Cotton Newborn Essentials Accessories (Hats+Gloves+Terry Socks),0-6 Months",Baby Boys' Clothing & Shoes,24.88,In Stock
204,"ZITA ELEMENT 1 Cute 8 Inch Black Baby Doll with 2 Sets Clothes Outfits African-American Realistic Silicone Doll with 1 Jumpsuit, 1 Dress and 2 Hairbands - Best Gift for Kids Girls",Dolls & Accessories,19.99,In Stock
205,Earth Friendly Stain and Odor Remover Spray - 22 fl oz,Cat Supplies,10.98,In Stock
206,"Mega Construx Halo Warthog Rally Vehicle Halo Infinite Construction Set with Master Chief Character Figure, Building Toys for Kids",Toy Figures & Playsets,0,In Stock
207,Performance Twill Cord Organizer,Travel Accessories,50,In Stock
208,"USB C Hub, Docking Station, TOTU 7-in-1 Type C Hub with 4K HDMI Port, 2 USB 3.0 Ports, 1 USB C 3.0 Port, SD/TF Card Reader, 90W PD USB-C Power Delivery, for MacBook and Other Type C Laptops",Computer Networking,26.99,Out of Stock
209,"Kids Nail Polish Set for Girls, Geyiie Nail Polish Maker with Storage Space, Nail Dyer, Glitter Pen, 6 PCS Peel Off Nail Polish, Fake Nails, Nail Art Kit for Girls as Party Favor Gifts",Toys & Games,35.9,In Stock
210,"LCD Writing Tablet, 2 Pack 10 Inch Colorful Doodle Board Drawing Pad for Kids, Erasable Electronic Painting Pads, Learning Educational Easter Toy Gift for Age 3 4 5 6 7 8 Year Old Girls Boys Toddlers",Toys & Games,14.99,In Stock
211,2 Button Remote Control,Building Supplies,25.18,In Stock
212,Kids Soccer Cleats Boys Girls Soccer Shoes Outdoor Firm Ground Youth Football Cleats (Little Kid/Big Kid),Girls' Shoes,28.99,In Stock
213,"JOYIN 12pcs Cinco De Mayo Hanging Paper Fans Rosettes Paper Fan Garland for Fiesta Party Supplies Decorations, Luau Event Photo Props, Mexican Carnivals Festivals, Kids Party Birthday Baby Shower",Party Decorations,11.99,Out of Stock
214,Recycled Ripstop XL Foldable Rolling Duffel Travel Bag,Travel Duffel Bags,171.5,In Stock
215,ANiceSeller Firewire IEEE 1394 6 Pin Female to USB Male Adaptor Convertor,Electronic Components,8.99,In Stock
216,Ballroom Dance Shoes Women Low Heel Latin Salsa Swing Practice Dancing Shoes Comfortable Dance Cuban Heel 1.5inch,Women's Shoes,39.99,In Stock
217,Men's Ebernon Low Basketball Shoe,Women's Shoes,58.73,In Stock
218,"Spytec GPS Anti-Theft Tracker, 5 Second Updates & Alerts Ignition On/Off, Vehicle Movements, Personal & Work Car Monitoring | Unlimited US & Worldwide Real-Time Tracking App - Subscription Required",GPS & Navigation,24.95,In Stock
219,Mud Kingdom Little Girls Pajamas Set Sleeveless Cute Summer Sleepwear,Baby Boys' Clothing & Shoes,9.99,Out of Stock
220,"2PCS Hanging Monkey Stuffed Animals Plush Cute Brown Monkey Toy for Kids, 27.6""",Stuffed Animals & Plush Toys,16.99,In Stock
221,"Monster Truck Car Boys Girls Kids School Backpacks Bookbag, Elementary School Bag Travel Backpack Daypack",Backpacks,33.99,In Stock
222,Imagine Music Fest - Nintendo DS,"Nintendo DS Games, Consoles & Accessories",16.95,In Stock
223,"#115XT Stainless Steel Replacement Blades, 5pk - HSC115XT5","Paint, Wall Treatments & Supplies",21.99,In Stock
224,"Nulaxy 2 Pack Dual Folding Cell Phone Stand, Fully Adjustable Foldable Desktop Phone Holder Cradle Dock Compatible with Phone 14 13 12 Pro Xs Xs Max Xr X 8, All Phones, Black & Silver",Cell Phones & Accessories,12.99,In Stock
225,"130W USB C AC Charger Replacement for Dell Latitude 5431 5531 P137G,XPS 15-9520 17-9720 P91F,Precision 3571 5470 5570 5770 3470 P154G P137G Laptop Type C Power Adapter Supply Cord",Laptop Accessories,45.99,In Stock
226,Men's P24752_m_Foo Construction Boot,Men's Shoes,189.95,In Stock
227,"20PCS 3D Wall Panels Peel and Stick Foam 3D Brick Wallpaper Peel and Stick Faux Stone Wall Panel Self-Adhesive Wallpaper (20PCS, Rock Color)","Paint, Wall Treatments & Supplies",38.98,In Stock
228,1000W Pure Sine Wave Power Inverter 48V DC to 110V 120V AC 60HZ with LED Display US Output Socket,RV Parts & Accessories,119,In Stock
229,REVLON 1875W Compact Folding Handle Hair Dryer | Great for Travel,Hair Care Products,15.18,In Stock
230,"Women's Spandex Volleyball Shorts 3"" Workout Pro Shorts",Women's Clothing,26.09,In Stock
231,"GELISHI Band Compatible with Apple Watch Band 45mm Series 9/Series 8 7, Men Rugged Case Bumper Stainless Metal Cover with Heavy Duty Band Sport Strap Shockproof, Silver",Wearable Technology,29.99,Out of Stock
232,"Men's Sunrise Road Cycling Scape, 4 us",Men's Shoes,172,In Stock
233,Tilted Nation RGB Headset and Controller Stand with Charging Station - for Playstation or PC - PS4 / PS5 Controller Holder with Charger - Headphone and Game Controller Holder for Desk - White,"PlayStation 4 Games, Consoles & Accessories",69.99,In Stock
234,"30 Pcs Pop Fidget Bracelet, Wearable Push Pop Bubble Sensory Toy Stress Relief Silicone WristbandFidget Toy ,for Kids, Adults and ADHD Autism Anxiety Pop Colorful Wristband",Novelty Toys & Amusements,11.99,Out of Stock
235,PEIXEN Wooden Sailboat Model 3D Model Wooden Sailing Boat Kids DIY Crafts Toys Home Tabletop Decoration Living Room and Study Decoration,Kids' Play Boats,90.99,In Stock
236,Ferragamo Womens Swiss Made Watch Idillio Collection,Women's Watches,492.75,In Stock
237,Rapper Drake Poster Inspirational Quotes Vintage_waifu2x_2x_2n Poster Decorative Painting Canvas Wall Posters And Art Picture Print Modern Family Bedroom Decor Posters 12x18inch(30x45cm),Wall Art,14.69,In Stock
238,"4 Piece Kids Chair Set 3 Levels Adjustable Stackable Kids Chairs Ideal for Playrooms, Schools, Daycares and Homes Washable and Easy to Clean Max Weight 220LB(Blue4-Piece Set)",Kids' Furniture,69.99,In Stock
239,Bioderma - S√©bium Foaming Gel - Face and Body Cleanser - Makeup Remover Cleanser - Face Wash for Combination to Oily Skin,Skin Care Products,21.99,In Stock
240,14K Gold Plated Adjustable Created Opal Rings | Stacking Rings | Gold Rings for Women,Women's Jewelry,13.95,In Stock
241,"Cuisinart AMB-9SP 9-Inch Chef's Classic Nonstick Bakeware Springform Pan, Silver",Kitchen & Dining,16.2,In Stock
242,Snake Dangle Small Hoop Earrings 925 Sterling Silver Personalized Punk Drop Animal Earring Huggie Hoops 10mm Hypoallergenic Fashion Ear Jewelry,Girls' Jewelry,12.99,In Stock
243,"9 Pcs Wall Door Stopper, Door Stoppers Wall Protector from Furniture, Door Knob Wall Protector,1.77"" Strong Adhesive Square Door Stoppers for Wall, Door Knob Guard for Home, Office, School",Commercial Door Products,8.95,In Stock
244,Camping Fan for Tent Fan Rechargeable Fan Portable Fan Battery Powered Fan 10400mAh Battery Operated Fan Personal Fan for Desk Fan with LED Lantern Fan for Camping Essentials for Travel Home,"Heating, Cooling & Air Quality",26.99,In Stock
245,"Authentic Knitting Board Flexee Regular Loom Links, for Medium Yarn",Knitting & Crochet Supplies,16.99,In Stock
246,Eat Lead: The Return of Matt Hazard [Japan Import],"Xbox 360 Games, Consoles & Accessories",0,In Stock
247,Ladies Wallets Security Travel Clutch Large Capacity Credit Card Organizer RFID Blocking Long Purse for Women,Women's Handbags,11.89,In Stock
248,"Our Own Candle Company 4 Pack Fall Assortment Mini Mason Jar Candles - 3.5 Oz Caramel Pecan, 3.5 Oz Mulled Cider, 3.5 Oz Pumpkin Spice, 3.5 Oz Macintosh Apple",Home D√©cor Products,24.99,In Stock
249,"Mounting Dream Outdoor TV Cover Weatherproof with Bottom Cover for 30-32 inch TV, Waterproof and Dustproof TV Screen Protectors with Remote Control Pocket for Outside LED, LCD, OLED Flat Screen TVs",Televisions & Video Products,19.99,In Stock
250,Android Double Din Car Stereo Hikity 9 Inch Ultra-thin Touch Screen Radio with GPS Navigation Bluetooth FM Radio Receiver Support WiFi Connect Mirror Link for Phone with Dual USB Input + Backup Camera,Vehicle Electronics,89.99,In Stock
251,"Acacia Wood Yarn Bowl Holder |Hand Carved Yarn Bowls for DIY Knitting Crocheting Accessories (7"" x 7"" x 4"")","Arts, Crafts & Sewing Storage",16.89,Out of Stock
252,Sitz Bath V Seat for Soak and Steam Postpartum Care - Expandable Seat - Vaginal Steaming Tub - Collapsible Basin for Hemorrhoids Treatment - BPA Free Temperature Resistant - Universal Fit,Home Use Medical Supplies & Equipment,14.25,In Stock
253,"3M 26003 PPS 2.0 Spray Gun Adapter 16 mm Female, 1.5 mm Thread, 1 Pack",Automotive Tools & Equipment,28.74,In Stock
254,"MakerSpot Raspberry Pi 3 B+ Model B Plus Starter Kit w/Mini Wireless Keyboard 5v3a UL Listed Charger HDMI Cable Heat Sink, 32GB MicroSD Card",Computer Components,89.99,In Stock
255,Magnetic Tiles Kids Toys for 3 4 5 6 7 8+ Year Old Boys Girls 3D Castle Princess Magnetic Building Blocks Educational Toddler Girls Toys Age 2-4 5 6-8 Year Old Girl Boy Birthday 47pcs,Kids' Dress Up & Pretend Play,27.98,In Stock
256,"e.l.f. No Budge Retractable Eyeliner, Creamy, Ultra-Pigmented & Waterproof, Creates Bold & Defined Lines, Vegan & Cruelty-Free, Black 0.006 Oz",Makeup,4,In Stock
257,"Xerox Genuine Black Extra Capacity Toner-Cartridge 106R03931 - 16900 Pages for Use In VersaLink C605, High Yield",Office Electronics,172.85,In Stock
258,"Need For Speed Most Wanted Bonus Edition w/ Timesavers Pack, Ultimate Speed Pack","PlayStation 3 Games, Consoles & Accessories",0,In Stock
