seller_id,product_id,seller_name,contact_name,contact_email,contact_phone,country,product_count
1,1,King LLC,Douglas Black,heather72@example.net,(620)979-8774,Cook Islands,6659199
2,2,"Aguirre, Taylor and Rodriguez",Amy Weaver,camposcheryl@example.net,479-323-7120x73535,Vietnam,401
3,3,Chang-Young,Cynthia Tanner,farmerjulie@example.net,848-986-8439,Suriname,555542479
4,4,"Patel, Lucas and Key",Kathy Torres,torresmonica@example.org,903.432.8277x24755,Turks and Caicos Islands,7
5,5,"Brown, Fisher and Baker",Lisa Reed,ericapeters@example.org,(873)614-7366x7177,Malta,391
6,6,Bryant-Cantrell,John Hoover,fisherkaren@example.com,646-715-3661x471,Saint Helena,3190981
7,7,Rose and Sons,Joseph Zavala,jodiwatkins@example.org,(742)622-7813,Wallis and Futuna,9070822
8,8,Reynolds-Moore,Jill Evans,zsimmons@example.net,4322732730,Thailand,83
9,9,Luna Inc,Pamela Johnson,fkelly@example.com,+1-980-323-3088,Seychelles,9
10,10,"Vargas, Lara and Vasquez",Nicole Keith,alynch@example.net,973-309-6894x20612,Botswana,171792
11,11,Dudley-Taylor,Erika Lewis,tmartinez@example.net,882-564-9163,Pakistan,874846
12,12,Weber-Pham,Christopher Mccall,crystal90@example.net,001-469-596-4409x7441,United Arab Emirates,39018545
13,13,"Brown, Estrada and Evans",Lisa Crawford,dustinmartinez@example.net,(549)283-7405x7542,Ghana,853
14,14,Moore-Johnston,Harold Hopkins,butlerjennifer@example.com,001-539-315-9238x4420,Liberia,967253033
15,15,Robinson-Cole,Heidi Flores,nicoleflynn@example.com,340-302-0893,Cameroon,251237293
16,16,"Williams, Morrison and Harris",Jerry Fritz,steven61@example.com,(221)925-3417x399,French Southern Territories,49
17,17,"Nelson, Coffey and Parker",Robert Russell,fhuffman@example.org,6963438758,Tunisia,9
18,18,Green LLC,Jon Elliott,reillynathan@example.org,944.578.4662x158,Netherlands Antilles,7335023
19,19,Hall-Vargas,Vanessa Long,kimashley@example.org,(575)312-4695x3433,Dominica,8217
20,20,"Evans, White and Baker",Timothy Barrera,kelly34@example.net,001-975-879-1343x409,Swaziland,4
21,21,Jones-Valenzuela,Donald Anderson,jessicapace@example.com,+1-597-527-8781,Papua New Guinea,64
22,22,"Mcintosh, Keller and Garcia",Danny Noble,whitakerannette@example.org,2725587948,Gabon,4685111
23,23,Allison LLC,Jennifer Keller,collinsanthony@example.net,557-944-3494x64403,Montenegro,7
24,24,Gonzalez-Arroyo,Christine Munoz,goldenmark@example.com,(351)992-0489,El Salvador,429186205
25,25,Pena Ltd,Philip Smith,ronaldcoleman@example.net,778.987.6138x308,Vietnam,5
26,26,"Davis, Green and Walls",Luis Jackson,kristin95@example.net,898.654.6774x8852,Honduras,7191479
27,27,Berg Group,David Johnson,othompson@example.net,+1-991-986-5566x7283,Nepal,255820
28,28,Sanford-Walker,Lisa Murray,margaretlittle@example.org,001-814-681-0441x760,Timor-Leste,361326269
29,29,Kennedy Inc,Ashley Ortiz,fhenry@example.org,(370)950-8135x66792,Turks and Caicos Islands,34
30,30,"Zimmerman, Manning and Hansen",Eric Jimenez,gonzalezrose@example.net,001-432-889-6904x5730,Wallis and Futuna,5
31,31,"James, Smith and Wells",Jennifer Young,wchavez@example.com,768.745.9013x19398,Cayman Islands,95
32,32,Patterson-Howard,Melissa Robinson,mark43@example.net,838.397.1616,Guyana,8
33,33,"Decker, Williams and Farrell",Gloria Stephens,walkerjordan@example.com,373-606-8954x4763,Cambodia,988988913
34,34,Schultz PLC,Erica Wallace,johnsonmegan@example.com,452.707.8798x74984,Kuwait,54911
35,35,Davis-Jones,Steven Olson,samantha35@example.com,363-500-9202x6863,Belgium,43728
36,36,"Hall, Bradley and Johnson",Melissa Moyer,nicole09@example.com,(790)851-4651x581,Japan,3450
37,37,"Davis, Li and Gomez",Trevor Bishop,iwebster@example.org,897-327-5514x239,Albania,9943
38,38,"Harper, Richard and Johnson",Denise Salazar,andersonheidi@example.org,001-817-608-1416,Angola,6
39,39,Miller PLC,Kari Potter,stephensonmatthew@example.net,(200)715-0959x13112,Latvia,36856
40,40,Hughes Group,Hannah Martinez MD,sarawood@example.net,(945)906-8780x076,Martinique,26604383
41,41,Schmidt-Cole,Gregory Rodriguez,luceroshawn@example.com,362-874-3849x88329,Malawi,9
42,42,Lopez Ltd,Deanna Armstrong,josephmiddleton@example.net,001-454-355-2934x2626,Anguilla,35378
43,43,Martin PLC,Johnathan Brown,josephmcclure@example.com,634.916.6614x986,Russian Federation,9359427
44,44,Robinson-Williams,Scott Le,willie62@example.com,001-808-725-1380x6527,Nauru,4147336
45,45,"Kelly, Leon and Arellano",Eric Nelson,beth38@example.org,9867526518,North Macedonia,124848738
46,46,Brown-Robinson,Leslie Holder,caitlin98@example.com,507-399-9436x03937,Austria,0
47,47,"Gray, Osborne and Huang",Dakota Woodard,maryyu@example.com,568-447-5748x171,Yemen,129
48,48,Nelson-Wells,Kim Meyer,bakerbrianna@example.net,705-205-7704x933,Austria,22
49,49,Orozco Group,Lynn Owens,ryanashley@example.net,954.529.7186x27291,Grenada,92475
50,50,"Simpson, Gardner and Smith",Carrie Warner,haleypotts@example.com,3495494893,Cameroon,5095
51,51,Garcia-Richardson,Melissa Day,zsilva@example.org,001-295-903-8654x7345,Suriname,1579
52,52,Kirby-Jackson,Mark Nichols,anna38@example.com,366-236-7336,Nicaragua,9
53,53,"Mendez, Lyons and Schaefer",Jeremy Lowe,wilsonmarcus@example.net,+1-343-272-6404x6033,Montserrat,409968379
54,54,Hammond-Austin,Earl Fuller,richard51@example.org,526.273.6613x5183,Bahrain,436
55,55,Ortega LLC,Kevin Summers,watkinshunter@example.com,(799)830-9545x4267,Chile,960954
56,56,Stone-Mcintosh,Tina Aguilar,operez@example.org,550.362.3255,Latvia,4053640
57,57,Sawyer-Boyd,Donald Phillips,ashleyterry@example.org,001-361-990-1898,Slovenia,8
58,58,"Jackson, Thompson and Rodriguez",Mr. Thomas Cox,glenncordova@example.org,001-865-247-0221,Canada,9
59,59,Watson PLC,Andrew Kaufman,rebeccawilliams@example.com,+1-962-679-1774x310,Maldives,3
60,60,Mccarthy-Perez,Jennifer Valencia,adam12@example.net,857-552-3634,Saint Vincent and the Grenadines,11
61,61,Stein-Howard,Alicia Smith,ana68@example.com,741-877-2843,Ghana,831649872
62,62,Shaw-Oneill,Sherry Martinez,charles28@example.com,+1-758-963-0532x0019,Belarus,3312
63,63,Campbell-Joseph,Erica Good,jacob82@example.com,001-776-709-2068x512,Venezuela,51937340
64,64,Mercado-Walters,Jennifer Fitzgerald,madelinegarner@example.com,001-844-799-4281x71320,Nepal,2684
65,65,Blevins-Hernandez,Katherine Orr,richjohn@example.com,765-498-2246x893,Lesotho,4715
66,66,Lewis and Sons,Scott Brennan,victor67@example.org,001-401-674-7515x119,Estonia,776898766
67,67,"Jackson, Mcdonald and Reynolds",Miranda Dean,cassandramurray@example.org,202.505.3452,Taiwan,20102919
68,68,Rogers-Decker,Carl Lewis,urojas@example.com,(550)692-2821x675,Isle of Man,799
69,69,Vega-Berger,Cindy Gross,wrodriguez@example.org,(236)422-9992x316,Netherlands,986651076
70,70,Nicholson-Wise,Bryan Blair,bryantalexander@example.org,7906447619,Benin,3993413
71,71,"Colon, Sparks and Anderson",Melissa Bass,leejeffrey@example.org,783-867-9492,Chile,74264018
72,72,"Wright, Jordan and Shelton",Gregory Hubbard,jessica51@example.net,001-764-235-1813x36193,Aruba,42135
73,73,Johnson-Mason,Richard Dickson,sknight@example.net,+1-764-993-6664x2049,Benin,33818
74,74,Kelly-Petersen,Michael Pham,steven91@example.net,+1-322-757-1416x1543,Bouvet Island (Bouvetoya),6
75,75,"Martinez, Morris and Braun",John Cruz,mark38@example.net,477.447.6646x47765,Chile,1
76,76,Fischer Group,Kevin Turner,amejia@example.com,001-773-841-8619x42363,Panama,30
77,77,"Nguyen, Caldwell and Washington",Matthew Hurley,brandon41@example.org,001-896-847-9003x4767,Vietnam,371997625
78,78,Lowe LLC,Laura Rogers,rebecca40@example.org,326.804.2680,Latvia,325954933
79,79,Hall and Sons,Barbara Gallagher,roydavis@example.net,(726)933-3545x99564,Denmark,95081
80,80,Ferguson-Lin,Steven Dalton,bnichols@example.com,522.403.7261x9265,Venezuela,876128
81,81,Paul-Evans,Jesse Hill,pnavarro@example.org,+1-924-389-8790x0217,Rwanda,16
82,82,"Haley, Montgomery and Dorsey",David Walsh,etaylor@example.com,656-546-9588x2144,Thailand,59230374
83,83,Martinez and Sons,Michael Ward,sharonwalker@example.org,001-497-285-5037x5621,Christmas Island,42
84,84,Miller LLC,Nichole Wilson,macdonaldtammy@example.org,001-291-407-3382x001,Denmark,30
85,85,Leon-Lynch,Brenda Morrison,kimberlynicholson@example.org,279.752.4588,Greenland,4
86,86,Roberts-Brown,Michelle Perez DDS,krodriguez@example.com,001-770-801-3595x3030,Cote d'Ivoire,7907
87,87,Gonzalez-Bryant,Matthew Beard,mary57@example.net,(670)208-8162,Kyrgyz Republic,647592
88,88,Stokes-Williamson,Terry Ross,brian97@example.com,(334)366-6808,Northern Mariana Islands,39677
89,89,Edwards-Bray,Kelly Wong,moonangela@example.org,862.329.6383x583,Pitcairn Islands,1
90,90,Elliott Ltd,Robert Thompson,wallacedennis@example.net,+1-813-743-8795x136,Burkina Faso,51009
91,91,"Rios, Villarreal and Marshall",Erin Lewis,millernicholas@example.net,521.990.7191x641,Montenegro,472995019
92,92,Wallace-Church,Elizabeth Anderson,jacksonanne@example.net,+1-952-264-8887x7798,Isle of Man,7299244
93,93,Jackson-Anderson,Mary Wagner,wdennis@example.net,491.346.6539,Uzbekistan,4
94,94,Rivers-Smith,Stephanie Turner DDS,martincarrie@example.net,001-860-333-5593x373,Malaysia,68193
95,95,"Flowers, White and Mendez",Sarah Baxter,hhebert@example.com,001-394-366-3054x4744,Qatar,568153476
96,96,Ryan-Moore,Stephen Ramirez,terri94@example.com,(749)907-7334,Saint Barthelemy,4
97,97,Henson-Weaver,Brian Taylor,alexandermorales@example.net,247.672.5256x35217,Norway,29438
98,98,Cardenas-Parker,Becky Walls,pruiz@example.org,321-435-0103x014,Uganda,651744624
99,99,"Howell, Mckay and Trujillo",Mark Fitzpatrick,qwalker@example.com,+1-220-833-2455,Bulgaria,4668
100,100,Byrd and Sons,Natalie Figueroa,donald59@example.org,+1-238-560-7492,Sao Tome and Principe,8
101,101,"Sweeney, Smith and Rivera",Jason Hale,guzmanjennifer@example.com,001-396-618-3964x157,Sierra Leone,21
102,102,"Moore, Baldwin and Ritter",Casey Pierce,smartin@example.net,(438)803-4479,Israel,7696169
103,103,Warren Group,Jordan Gordon,jessica39@example.org,(407)528-4676x685,Netherlands,40
104,104,Gonzalez-Banks,Erin Rodgers,emilychase@example.com,231-809-7816,Nauru,48
105,105,Hill-Brown,Troy Harding MD,francissean@example.org,001-229-937-3145x531,Kiribati,9817
106,106,"Fowler, Blake and Guerra",Douglas Clark,jeffrey25@example.com,(210)733-2542,Myanmar,86467
107,107,"Pham, Adams and Christian",James Lewis,alexismoore@example.com,916-913-1648,Austria,109242
108,108,Green-Bullock,Travis Williams,williamsrichard@example.com,+1-243-411-0153x20585,Iceland,832835254
109,109,Gonzalez-Summers,Lisa Gilbert,smiller@example.net,001-468-779-3456x41212,El Salvador,78
110,110,Anderson-Buchanan,Patricia Burke,cmurray@example.org,+1-437-315-7012x4422,Austria,245649
111,111,"Hammond, Haas and Mckay",Dr. Thomas Henry,charles06@example.com,490.475.1858x658,Burundi,4347469
112,112,Jacobson-Mayer,Jamie Ford,uwallace@example.com,373.217.6440x67583,Saint Vincent and the Grenadines,68872058
113,113,"Hensley, Ryan and Ball",Scott Barnes,yfrederick@example.com,001-915-556-5294x58724,Dominica,548379070
114,114,"Peterson, Zimmerman and Brewer",Amanda Roberts,kcombs@example.com,883-743-5318x19384,British Indian Ocean Territory (Chagos Archipelago),380138900
115,115,Barnes-Clayton,Linda Parker,hunteraustin@example.org,4747027884,Mozambique,51297
116,116,"Garza, Williams and Pierce",Jack Davis,ginalee@example.org,+1-479-620-1728,Costa Rica,56307
117,117,Mccormick and Sons,Kathryn Edwards DDS,nguyendarren@example.net,(339)753-6017,Turkmenistan,2
118,118,Kerr Inc,Jessica Baker,richardsonmax@example.net,717-226-4877x1177,Marshall Islands,7687036
119,119,Gonzales PLC,Sara Cannon,amychan@example.org,886.936.0802,Belarus,136848528
120,120,Miller Ltd,Charles Rogers,georgeelizabeth@example.org,(700)723-3347,Malaysia,471683
121,121,Pruitt-Flores,Madison Allen,knoxmarcus@example.com,(896)753-9793x161,Samoa,7347
122,122,"Murillo, Gardner and Long",Allison Leach,brianna41@example.com,(975)552-6790x162,Liechtenstein,5121
123,123,Brown Ltd,Andrew Price,stevenmueller@example.com,873.489.5545,Mali,9
124,124,Morris-Carpenter,Selena Casey,herrerafernando@example.com,001-335-209-5662x7418,Benin,14436790
125,125,Scott-Fox,Christina Williams,trevor58@example.org,001-882-828-9954x45385,Jersey,478866
126,126,Gordon-Price,Morgan Stevens,downsjamie@example.com,2176995927,Dominican Republic,5863073
127,127,Perez-Bird,Natasha Murray,adrian69@example.net,(777)807-1675x35948,Congo,1170467
128,128,Adams LLC,Joel Stewart,richardsonjanet@example.net,(271)505-1338,Nauru,68424
129,129,Lloyd-Luna,Xavier White,anguyen@example.net,+1-892-413-1144,Bhutan,15271
130,130,Harrell Inc,Wanda Shepherd,gutierrezmelissa@example.org,(600)967-5730,Netherlands,242229245
131,131,Santiago-Morrison,Roger Sanders,wdecker@example.net,001-717-947-8880,Saint Vincent and the Grenadines,32341
132,132,"Carpenter, Stanley and Gonzalez",Rebecca Ellison,jenniferpowell@example.com,001-399-856-1923x6464,Cocos (Keeling) Islands,443556732
133,133,Bartlett and Sons,Mr. Scott Clarke,ykelly@example.org,747.595.8118x74841,Mozambique,7614494
134,134,Hess LLC,Kayla Ball,ogreen@example.org,(851)935-4264,United States Virgin Islands,111
135,135,Evans PLC,Dr. Ryan Brown,lucerojennifer@example.com,001-217-600-6908x16465,Belgium,78145791
136,136,"Chen, Wheeler and Garza",Jeremiah Cruz,brandon94@example.org,001-309-715-7741x78395,Burundi,416670
137,137,"Perez, Roberts and Bowers",John Tate,michellehoward@example.org,+1-960-959-6598x40855,Australia,4
138,138,Brown Inc,Megan Velasquez,perrypamela@example.com,215-517-9931x700,Anguilla,4447297
139,139,Rowe LLC,David Clark,leslietaylor@example.org,(663)578-6961,Qatar,7951526
140,140,"Powers, Miller and West",Angela Nguyen,bmunoz@example.org,+1-204-893-7619,Zimbabwe,9521
141,141,Frey Inc,Brian Perez,vosborne@example.com,364.821.1808x4571,Falkland Islands (Malvinas),4248
142,142,"Ayala, Wu and Adams",Jackson Shaffer,wendychambers@example.com,467-809-2636x6961,Togo,7432130
143,143,Bentley-Wright,Douglas Dixon,scott04@example.com,264-719-8343x320,Vanuatu,419636298
144,144,Wall-Davis,Michael Gonzales,lmoreno@example.org,515.860.3485x9443,Micronesia,8
145,145,Hernandez-Perez,Nathan Patrick,gibsonstephen@example.com,+1-591-277-2554x336,Saint Barthelemy,4883702
146,146,Gray-Lane,Teresa Wiley,ashleymartinez@example.com,(617)343-5961,Isle of Man,406758838
147,147,"Francis, Wilson and Campbell",Charles Tanner,evansoscar@example.com,452-357-9604x746,Somalia,9129798
148,148,"Mitchell, Rodriguez and Burton",Kevin Valencia,bsandoval@example.org,(634)740-9461x1025,Maldives,382376
149,149,"Scott, Kelly and Coleman",Michelle Stevens,bmartinez@example.com,001-912-637-7523x1019,Guernsey,852682
150,150,Williams-Howard,Margaret Lynn,kelli41@example.net,(876)973-2156x4356,Micronesia,202
151,151,"Ray, Beltran and Harrison",Ryan Guerra,conniefreeman@example.net,(950)697-3015,Cocos (Keeling) Islands,243406902
152,152,Ashley and Sons,Heidi Medina,williamskristie@example.com,299.798.6021,Ethiopia,489
153,153,"Green, Grimes and Bell",Debra Hernandez,simmonsallison@example.net,+1-434-901-5116,Morocco,352678718
154,154,Graham LLC,Nicholas Lee,john52@example.com,001-443-976-2493x144,Palestinian Territory,513714
155,155,Johnson Ltd,Christopher Cunningham,bishopsydney@example.org,213.829.8756x623,Antigua and Barbuda,3
156,156,Taylor PLC,Robert Macdonald,dhoward@example.net,(970)282-1453,Northern Mariana Islands,56029600
157,157,Burch-Woods,Elizabeth Turner DDS,mariowilliams@example.net,(701)401-1687,Cocos (Keeling) Islands,0
158,158,"Chang, Kelley and Bradley",Justin Howard,kfry@example.net,+1-730-208-1830x942,Sudan,81
159,159,"Jackson, Huff and Hernandez",Micheal Burns,richcatherine@example.com,+1-812-334-9498x64495,Malaysia,576
160,160,"Anderson, Shaffer and Neal",Susan Allison,powerslisa@example.com,232-857-3250x03048,Norfolk Island,75
161,161,Daniel Inc,Jared Briggs,oliviasalinas@example.com,4128108634,Brazil,38
162,162,"Lozano, Johnson and Chan",Micheal Duncan,froberts@example.com,(966)598-1880x77113,South Georgia and the South Sandwich Islands,950717
163,163,"Washington, Mitchell and Hughes",Aaron Alvarez,fletchereric@example.com,001-941-874-4162x098,Spain,72
164,164,"Griffith, Stone and Terry",Jessica Williams,dmills@example.org,001-819-939-6446x32570,Mongolia,2658220
165,165,Roberts Group,Mr. Donald Ortega,tamararobinson@example.net,(922)334-4797x67408,Monaco,5
166,166,"Cummings, Madden and Abbott",Natalie Smith,tthompson@example.org,434-483-5197x14770,Benin,47
167,167,Peters and Sons,Jennifer Leon,wolfechristopher@example.com,249.300.2922x013,Sri Lanka,29583
168,168,"Cole, Acevedo and Shea",Alexander Robertson,elizabeth45@example.net,(205)901-4059x700,Saint Kitts and Nevis,410130770
169,169,"Blackwell, Ford and Davis",Richard Combs,aaronfigueroa@example.com,610-407-0749x683,Azerbaijan,8
170,170,Johnson-Perry,Jessica Sims,michael12@example.com,(845)468-6120x00565,Georgia,305945960
171,171,Graham-Johnson,Gerald Roth,april91@example.org,584-810-9963,Armenia,286
172,172,Anderson-Rodriguez,Anthony Torres,robertbrown@example.org,+1-551-361-6262x97734,Bosnia and Herzegovina,464096934
173,173,Fitzgerald Group,Heather Novak,timothyreyes@example.org,444-610-6817,Korea,7426
174,174,Shepherd-Terry,Cole Reyes,bergermolly@example.com,001-887-569-7437x846,Bhutan,3385
175,175,Rogers and Sons,Martha Alexander DDS,natalienelson@example.com,9926821314,Svalbard & Jan Mayen Islands,6
176,176,Turner PLC,James Mueller,vlee@example.com,973.787.7800x486,Indonesia,8002
177,177,"David, Vaughn and Mason",Benjamin Hardy,jennifer85@example.org,260.948.8031,Antigua and Barbuda,5194735
178,178,Andrews and Sons,Lisa Bruce,jessica98@example.org,244.885.0943,Vietnam,1888
179,179,"Anderson, Francis and Copeland",Mary Smith,korr@example.com,289-598-1476x79600,Lesotho,896841055
180,180,Reynolds-Marshall,Kathryn Green,aprilpatel@example.com,+1-765-404-9711x56788,Egypt,47234459
181,181,Hamilton-Morrison,Brianna Wilson,hjohnson@example.net,8992517769,Norfolk Island,93319882
182,182,Collins and Sons,Roy Sanders,mcmahonrachel@example.org,353.460.6381,Malawi,8
183,183,Vaughn-Flores,Mikayla Powell,randalladams@example.org,001-724-666-8889x741,Ghana,4254
184,184,Collins Ltd,Lynn Hayes,tiffanyperez@example.org,001-231-903-8272x538,Vanuatu,1
185,185,Allen LLC,Hannah Sanders,megan90@example.org,(348)280-0284,Gabon,72499663
186,186,King-York,Leslie Sellers,susan06@example.net,001-404-851-1436x225,Maldives,82531
187,187,Mcguire LLC,Lindsey Sullivan,curryjames@example.com,9383241463,Ecuador,299664647
188,188,Griffin LLC,Melinda Wagner,sarahmiller@example.org,+1-555-506-2856x99939,United States of America,8058
189,189,Chandler-Browning,Rebecca Myers,vegacarlos@example.org,+1-541-261-6530x21276,Saint Helena,875
190,190,"Cook, Hernandez and Peters",Catherine Campbell,frank28@example.net,266.863.5473x2826,Malawi,47507
191,191,Robinson and Sons,Amanda Andrews,xharrison@example.net,+1-333-304-9058,Guam,7659142
192,192,Garcia-Hanna,Martha Leach,xsnyder@example.com,5432339234,Kenya,56047783
193,193,Walker Inc,Suzanne Ho,vargasnathaniel@example.net,224.419.0025x79849,Mali,476
194,194,"Doyle, Howard and Williams",Michael Hansen DDS,njohnson@example.com,226.823.7270,Canada,1296
195,195,Bush-Higgins,Kathryn Phillips,brittanystewart@example.com,950.396.1072,Guatemala,51
196,196,"Flores, Simon and Brown",Andrew Baxter,donna90@example.org,915-673-8749,Peru,6667
197,197,Hoffman-Cruz,Joel Walker,stephaniethompson@example.com,(416)502-7555x6868,Bahamas,2258
198,198,Lee-Olson,Fernando Mccall,andrewtran@example.com,(571)425-2343x162,Djibouti,701813
199,199,"Welch, Price and Hall",Paula Wallace,fnavarro@example.net,413.788.3603x32480,Marshall Islands,581660
200,200,Davis Group,Chad Garner,william49@example.net,+1-361-259-9199x2433,Ghana,27735405
201,201,"Rocha, Hardin and Johnson",Scott Lopez,bookervictoria@example.com,+1-860-490-2596x24566,Cuba,9751
202,202,Garcia PLC,Mrs. Cheryl Mitchell,garyschneider@example.net,8757893037,Trinidad and Tobago,162
203,203,Johnson-Gonzalez,Patrick Bell,theresahill@example.com,(405)513-8079x8294,Indonesia,15703
204,204,Green-Thompson,James Singleton,steven74@example.org,308-601-3163,Montenegro,7130
205,205,Ward-Sexton,John Blackwell,zachary59@example.com,955.838.7380,Ethiopia,61
206,206,"Day, Garza and Howard",Joseph Barnett,mlee@example.org,390-693-6967,Egypt,624
207,207,"Hill, Blair and Butler",Wendy Stanley,lawrencerodriguez@example.net,602-819-5569,Serbia,350098992
208,208,"Hoffman, Koch and Wells",Sean Lopez,coxmichael@example.org,207.432.0310x9327,Saint Helena,8405523
209,209,"Allison, Rodriguez and Morris",Cynthia Huynh,aguirrelisa@example.com,001-218-701-2818x54365,Mauritania,842466492
210,210,Roberson-Matthews,Mark Woods,john80@example.net,(898)460-9344x829,Cook Islands,7167774
211,211,Massey-Ward,Carlos Peterson,haasmaria@example.org,739.470.4831x8628,Burundi,6175768
212,212,"Bennett, Wong and Lee",Stacy Bond,catherine77@example.org,+1-502-330-3707,Malaysia,47
213,213,Jones LLC,Susan Harmon,caitlinfrederick@example.net,(426)875-2678x404,Norway,10496635
214,214,"Gill, Zamora and Mason",Jessica Daniels,thomasemily@example.com,+1-332-763-5776,Costa Rica,2
215,215,Rodgers-Banks,Christopher Osborne,jessicataylor@example.net,+1-999-251-6354x681,Kuwait,7
216,216,Lewis Ltd,Tasha Thomas,brenda23@example.net,+1-492-892-4316x50173,Turkmenistan,962677942
217,217,"Smith, Wilson and Allen",Nicole Mcdonald MD,rreyes@example.net,+1-973-905-5953x00889,Isle of Man,77
218,218,Flynn Ltd,Matthew Ward,nathanthomas@example.org,001-824-496-1697,Norfolk Island,656
219,219,"Robles, Sanchez and Rowland",Olivia Dean,michaelmonroe@example.com,(820)201-7730,Montserrat,739
220,220,"Morris, Young and Wolfe",Joshua Farmer,vickihoffman@example.net,515-952-4291,United States Virgin Islands,18
221,221,"Schmidt, Huber and Willis",Mary Obrien,kimberly98@example.org,+1-609-467-2563x660,Comoros,624
222,222,White PLC,Matthew Gutierrez,owest@example.net,981.251.1302x47092,Ethiopia,3231488
223,223,Baker-Baker,Richard Pearson,qbutler@example.net,218.678.5259x455,Bermuda,257
224,224,Decker and Sons,Tyler Johnson,xpierce@example.com,427-734-4961x6783,Benin,7
225,225,"Munoz, Ward and Cook",Amy Rodgers,skinnerdaniel@example.com,234-912-3090x97988,South Africa,44
226,226,Wiggins Ltd,Brittney Meyer,rosebecky@example.org,3934464702,Germany,923
227,227,Carpenter Group,Michael Pruitt,gwalker@example.com,923.201.5562,Cuba,4821471
228,228,Wagner-Small,Kristen Cook,pfoster@example.org,(262)247-7996x495,Sweden,662254
229,229,Gutierrez and Sons,Steven Allen,scott75@example.net,001-621-579-4821x740,Central African Republic,706340
230,230,Beck-Lopez,Joel Olson,brent24@example.com,980.845.4951,Aruba,6643755
231,231,"Olson, Contreras and Harper",Casey Marshall,qjohnson@example.net,+1-639-599-7001x46262,Mayotte,60702
232,232,Smith-Chen,Jamie Robertson,rachel95@example.com,(689)460-8236x25488,Palestinian Territory,6
233,233,Flowers Group,Kathryn Cummings,chudson@example.net,473.773.1911,Niger,84667022
234,234,Garza-Wolf,Matthew Kennedy,jonathan03@example.org,+1-987-273-4271x34129,Antigua and Barbuda,4
235,235,Ryan-Martin,Robert Gordon,wilsonalexander@example.org,(299)906-4051x412,Turks and Caicos Islands,71387
236,236,"Jackson, Castillo and Lynch",Teresa Johnson,dporter@example.net,829.711.4637,Comoros,26
237,237,"Mitchell, Clark and Mcgee",Dr. Katelyn Jimenez,parkerrobert@example.net,363.307.8171,Ukraine,1
238,238,Wilson-Henderson,Hannah Williams,john69@example.com,+1-775-350-2275x673,Luxembourg,4
239,239,Sullivan-Petty,Daniel Taylor MD,carla42@example.org,001-326-364-8819x6988,Belize,91
240,240,"Hall, Stevens and White",Meghan Gonzales,luke02@example.net,733.785.0958,Latvia,161111
241,241,"Caldwell, Hall and Smith",Laura Foster DDS,johnrichardson@example.org,+1-263-759-1049,Vietnam,812583
242,242,Warren Group,Natalie Rivera,james11@example.com,603.303.6106x283,United States Minor Outlying Islands,921721
243,243,"Castillo, Owens and Alvarado",Gabriel Hayes,sbarnes@example.org,645.669.7877,United States Virgin Islands,15906
244,244,Butler-Harris,Nicholas Wilson,whitebrandy@example.com,+1-525-267-4709,Tunisia,0
245,245,Robinson-Wagner,Amy White,jonesroberto@example.net,450-293-5285x3231,Greenland,3935206
246,246,"Paul, Bradley and Fisher",Michael Jones,gibbspatricia@example.com,737-375-4702,Gambia,7666
247,247,Elliott Ltd,Michael Ochoa,vhuff@example.net,950-660-3306,Montserrat,221646
248,248,Hudson Inc,Christopher Thompson,andrewsmith@example.org,525.580.2384,Switzerland,0
249,249,Sanders-Jimenez,Michael Smith,samuelguzman@example.net,(883)227-4835x043,Bangladesh,52388
250,250,Mendoza-Davidson,Jennifer Allen,cooperalicia@example.com,9107693666,Libyan Arab Jamahiriya,83056
251,251,Hoffman Inc,Kim Wilson,nmorales@example.org,(817)570-0473x2749,Namibia,92071335
252,252,"Brown, Rocha and Williams",David Greene,william76@example.com,480-417-8400x65109,Reunion,625574
253,253,Strong-Jones,Samantha Monroe,georgewest@example.com,(237)404-8690x038,Cyprus,32370
254,254,"Blankenship, Johnson and Gill",Troy Bruce,ymcdonald@example.com,351.665.7973x272,Papua New Guinea,8641
255,255,"Burke, Taylor and Hicks",Kristen Solis,charlesnelson@example.net,337-847-2813,Venezuela,7832
256,256,"Rivers, Brown and Hull",Anthony Huber,sarah63@example.org,001-664-391-0271x9292,Bahamas,7
257,257,"Moreno, Johnson and Reynolds",Jennifer Saunders,abrandt@example.org,(747)247-3221x089,Costa Rica,564123181
258,258,"Calhoun, Cooper and Singleton",Abigail Davis,donna98@example.com,(313)628-4853x88649,Slovenia,852914